date,airpressureminus1000,temperature,relativehumidity,windspeed,winddirection,Lat_decimal,Lon_decimal,elev
2022-04-01 00:00:00,-78.2,-7.334,93.3,7.7,107.4,76.39033,68.11015,750.95
2022-04-02 00:00:00,-73.6,-15.25,87.0,5.8,90.2,76.39032,68.11033,750.91
2022-04-03 00:00:00,-78.6,-15.61,78.2,3.6,61.5,76.39032,68.11047,750.87
2022-04-04 00:00:00,-75.2,-13.81,75.2,4.6,71.8,76.39029,68.11025,750.82
2022-04-05 00:00:00,-84.2,-7.019,76.8,10.7,128.4,76.39030,68.11013,750.78
2022-04-06 00:00:00,-77.8,-16.06,88.2,6.6,105.7,76.39030,68.11033,750.74
2022-04-07 00:00:00,-72.8,-21.82,81.3,4.2,63.6,76.39028,68.11037,750.70
2022-04-08 00:00:00,-77.4,-22.26,78.4,3.8,72.6,76.39027,68.11024,750.66
2022-04-09 00:00:00,-77.2,-23.5,70.6,4.0,62.6,76.39034,68.11040,750.62
2022-04-10 01:00:00,nan,,nan,nan,nan,nan,nan,750.58
2022-04-10 02:00:00,nan,,nan,nan,nan,nan,nan,750.58
2022-04-10 03:00:00,nan,,nan,nan,nan,nan,nan,750.58
2022-04-10 04:00:00,nan,,nan,nan,nan,nan,nan,750.58
2022-04-10 05:00:00,nan,,nan,nan,nan,nan,nan,750.58
2022-04-10 06:00:00,-72.6,-22.61,80.4,4.2,96.5,76.39024,68.11020,750.58
2022-04-10 07:00:00,nan,,nan,nan,nan,nan,nan,750.58
2022-04-10 08:00:00,nan,,nan,nan,nan,nan,nan,750.58
2022-04-10 09:00:00,nan,,nan,nan,nan,nan,nan,750.58
2022-04-10 10:00:00,nan,,nan,nan,nan,nan,nan,750.58
2022-04-10 11:00:00,nan,,nan,nan,nan,nan,nan,750.58
2022-04-10 12:00:00,-73.3,-25.11,73.9,3.5,72.7,76.39027,68.11049,750.58
2022-04-10 13:00:00,nan,,nan,nan,nan,nan,nan,750.58
2022-04-10 14:00:00,nan,,nan,nan,nan,nan,nan,750.58
2022-04-10 15:00:00,nan,,nan,nan,nan,nan,nan,750.58
2022-04-10 16:00:00,nan,,nan,nan,nan,nan,nan,750.58
2022-04-10 17:00:00,nan,,nan,nan,nan,nan,nan,750.58
2022-04-10 18:00:00,-74.1,-20.76,72.0,2.1,62.9,76.39028,68.11029,750.58
2022-04-10 19:00:00,nan,,nan,nan,nan,nan,nan,750.58
2022-04-10 20:00:00,nan,,nan,nan,nan,nan,nan,750.58
2022-04-10 21:00:00,nan,,nan,nan,nan,nan,nan,750.58
2022-04-10 22:00:00,nan,,nan,nan,nan,nan,nan,750.58
2022-04-10 23:00:00,nan,,nan,nan,nan,nan,nan,750.58
2022-04-11 00:00:00,-73.7,-25.96,67.7,4.0,67.6,76.39028,68.11034,750.54
2022-04-11 01:00:00,nan,,nan,nan,nan,nan,nan,750.54
2022-04-11 02:00:00,nan,,nan,nan,nan,nan,nan,750.54
2022-04-11 03:00:00,nan,,nan,nan,nan,nan,nan,750.54
2022-04-11 04:00:00,nan,,nan,nan,nan,nan,nan,750.54
2022-04-11 05:00:00,nan,,nan,nan,nan,nan,nan,750.54
2022-04-11 06:00:00,-73.8,-26.42,73.7,4.3,86.5,76.39027,68.11028,750.54
2022-04-11 07:00:00,nan,,nan,nan,nan,nan,nan,750.54
2022-04-11 08:00:00,nan,,nan,nan,nan,nan,nan,750.54
2022-04-11 09:00:00,nan,,nan,nan,nan,nan,nan,750.54
2022-04-11 10:00:00,nan,,nan,nan,nan,nan,nan,750.54
2022-04-11 11:00:00,nan,,nan,nan,nan,nan,nan,750.54
2022-04-11 12:00:00,-73.4,-24.3,70.3,4.0,101.2,76.39028,68.11037,750.54
2022-04-11 13:00:00,nan,,nan,nan,nan,nan,nan,750.54
2022-04-11 14:00:00,nan,,nan,nan,nan,nan,nan,750.54
2022-04-11 15:00:00,nan,,nan,nan,nan,nan,nan,750.54
2022-04-11 16:00:00,nan,,nan,nan,nan,nan,nan,750.54
2022-04-11 17:00:00,nan,,nan,nan,nan,nan,nan,750.54
2022-04-11 18:00:00,-74.0,-20.2,66.7,2.1,105.9,76.39031,68.11037,750.54
2022-04-11 19:00:00,nan,,nan,nan,nan,nan,nan,750.54
2022-04-11 20:00:00,nan,,nan,nan,nan,nan,nan,750.54
2022-04-11 21:00:00,nan,,nan,nan,nan,nan,nan,750.54
2022-04-11 22:00:00,nan,,nan,nan,nan,nan,nan,750.54
2022-04-11 23:00:00,nan,,nan,nan,nan,nan,nan,750.54
2022-04-12 00:00:00,-75.1,-25.07,73.3,2.5,62.2,76.39024,68.11021,750.50
2022-04-12 01:00:00,nan,,nan,nan,nan,nan,nan,750.50
2022-04-12 02:00:00,nan,,nan,nan,nan,nan,nan,750.50
2022-04-12 03:00:00,nan,,nan,nan,nan,nan,nan,750.50
2022-04-12 04:00:00,nan,,nan,nan,nan,nan,nan,750.50
2022-04-12 05:00:00,nan,,nan,nan,nan,nan,nan,750.50
2022-04-12 06:00:00,-76.6,-24.7,78.2,2.3,44.4,76.39027,68.11021,750.50
2022-04-12 07:00:00,nan,,nan,nan,nan,nan,nan,750.50
2022-04-12 08:00:00,nan,,nan,nan,nan,nan,nan,750.50
2022-04-12 09:00:00,nan,,nan,nan,nan,nan,nan,750.50
2022-04-12 10:00:00,nan,,nan,nan,nan,nan,nan,750.50
2022-04-12 11:00:00,nan,,nan,nan,nan,nan,nan,750.50
2022-04-12 12:00:00,-78.4,-21.01,79.9,4.2,354.6,76.39027,68.11033,750.50
2022-04-12 13:00:00,nan,,nan,nan,nan,nan,nan,750.50
2022-04-12 14:00:00,nan,,nan,nan,nan,nan,nan,750.50
2022-04-12 15:00:00,nan,,nan,nan,nan,nan,nan,750.50
2022-04-12 16:00:00,nan,,nan,nan,nan,nan,nan,750.50
2022-04-12 17:00:00,nan,,nan,nan,nan,nan,nan,750.50
2022-04-12 18:00:00,-79.8,-21.55,76.2,5.6,353.5,76.39033,68.11068,750.50
2022-04-12 19:00:00,nan,,nan,nan,nan,nan,nan,750.50
2022-04-12 20:00:00,nan,,nan,nan,nan,nan,nan,750.50
2022-04-12 21:00:00,nan,,nan,nan,nan,nan,nan,750.50
2022-04-12 22:00:00,nan,,nan,nan,nan,nan,nan,750.50
2022-04-12 23:00:00,nan,,nan,nan,nan,nan,nan,750.50
2022-04-13 00:00:00,-82.0,-23.43,79.0,4.3,334.9,76.39026,68.11018,750.46
2022-04-13 01:00:00,nan,,nan,nan,nan,nan,nan,750.46
2022-04-13 02:00:00,nan,,nan,nan,nan,nan,nan,750.46
2022-04-13 03:00:00,nan,,nan,nan,nan,nan,nan,750.46
2022-04-13 04:00:00,nan,,nan,nan,nan,nan,nan,750.46
2022-04-13 05:00:00,nan,,nan,nan,nan,nan,nan,750.46
2022-04-13 06:00:00,-82.8,-23.2,79.2,3.5,336.4,76.39024,68.11009,750.46
2022-04-13 07:00:00,nan,,nan,nan,nan,nan,nan,750.46
2022-04-13 08:00:00,nan,,nan,nan,nan,nan,nan,750.46
2022-04-13 09:00:00,nan,,nan,nan,nan,nan,nan,750.46
2022-04-13 10:00:00,nan,,nan,nan,nan,nan,nan,750.46
2022-04-13 11:00:00,nan,,nan,nan,nan,nan,nan,750.46
2022-04-13 12:00:00,-83.4,-22.1,78.1,2.1,337.7,76.39026,68.11032,750.46
2022-04-13 13:00:00,nan,,nan,nan,nan,nan,nan,750.46
2022-04-13 14:00:00,nan,,nan,nan,nan,nan,nan,750.46
2022-04-13 15:00:00,nan,,nan,nan,nan,nan,nan,750.46
2022-04-13 16:00:00,nan,,nan,nan,nan,nan,nan,750.46
2022-04-13 17:00:00,nan,,nan,nan,nan,nan,nan,750.46
2022-04-13 18:00:00,-81.4,-22.24,72.4,2.5,135.8,76.39030,68.11052,750.46
2022-04-13 19:00:00,nan,,nan,nan,nan,nan,nan,750.46
2022-04-13 20:00:00,nan,,nan,nan,nan,nan,nan,750.46
2022-04-13 21:00:00,nan,,nan,nan,nan,nan,nan,750.46
2022-04-13 22:00:00,nan,,nan,nan,nan,nan,nan,750.46
2022-04-13 23:00:00,nan,,nan,nan,nan,nan,nan,750.46
2022-04-14 00:00:00,-79.1,-24.51,77.3,4.3,135.4,76.39028,68.11038,750.42
2022-04-14 01:00:00,nan,,nan,nan,nan,nan,nan,750.42
2022-04-14 02:00:00,nan,,nan,nan,nan,nan,nan,750.42
2022-04-14 03:00:00,nan,,nan,nan,nan,nan,nan,750.42
2022-04-14 04:00:00,nan,,nan,nan,nan,nan,nan,750.42
2022-04-14 05:00:00,nan,,nan,nan,nan,nan,nan,750.42
2022-04-14 06:00:00,-78.5,-25.47,75.5,4.1,105.5,76.39024,68.11030,750.42
2022-04-14 07:00:00,nan,,nan,nan,nan,nan,nan,750.42
2022-04-14 08:00:00,nan,,nan,nan,nan,nan,nan,750.42
2022-04-14 09:00:00,nan,,nan,nan,nan,nan,nan,750.42
2022-04-14 10:00:00,nan,,nan,nan,nan,nan,nan,750.42
2022-04-14 11:00:00,nan,,nan,nan,nan,nan,nan,750.42
2022-04-14 12:00:00,-79.3,-26.63,69.9,5.7,96.3,76.39026,68.11037,750.42
2022-04-14 13:00:00,nan,,nan,nan,nan,nan,nan,750.42
2022-04-14 14:00:00,nan,,nan,nan,nan,nan,nan,750.42
2022-04-14 15:00:00,nan,,nan,nan,nan,nan,nan,750.42
2022-04-14 16:00:00,nan,,nan,nan,nan,nan,nan,750.42
2022-04-14 17:00:00,nan,,nan,nan,nan,nan,nan,750.42
2022-04-14 18:00:00,-80.1,-25.68,69.0,10.8,112.5,76.39028,68.11037,750.42
2022-04-14 19:00:00,nan,,nan,nan,nan,nan,nan,750.42
2022-04-14 20:00:00,nan,,nan,nan,nan,nan,nan,750.42
2022-04-14 21:00:00,nan,,nan,nan,nan,nan,nan,750.42
2022-04-14 22:00:00,nan,,nan,nan,nan,nan,nan,750.42
2022-04-14 23:00:00,nan,,nan,nan,nan,nan,nan,750.42
2022-04-15 00:00:00,-81.0,-27.38,71.2,8.6,104.0,76.39026,68.11028,750.38
2022-04-15 01:00:00,nan,,nan,nan,nan,nan,nan,750.38
2022-04-15 02:00:00,nan,,nan,nan,nan,nan,nan,750.38
2022-04-15 03:00:00,nan,,nan,nan,nan,nan,nan,750.38
2022-04-15 04:00:00,nan,,nan,nan,nan,nan,nan,750.38
2022-04-15 05:00:00,nan,,nan,nan,nan,nan,nan,750.38
2022-04-15 06:00:00,-83.9,-26.99,72.3,8.1,117.8,76.39023,68.11031,750.38
2022-04-15 07:00:00,nan,,nan,nan,nan,nan,nan,750.38
2022-04-15 08:00:00,nan,,nan,nan,nan,nan,nan,750.38
2022-04-15 09:00:00,nan,,nan,nan,nan,nan,nan,750.38
2022-04-15 10:00:00,nan,,nan,nan,nan,nan,nan,750.38
2022-04-15 11:00:00,nan,,nan,nan,nan,nan,nan,750.38
2022-04-15 12:00:00,-84.2,-27.72,66.7,7.0,96.0,76.39025,68.11024,750.38
2022-04-15 13:00:00,nan,,nan,nan,nan,nan,nan,750.38
2022-04-15 14:00:00,nan,,nan,nan,nan,nan,nan,750.38
2022-04-15 15:00:00,nan,,nan,nan,nan,nan,nan,750.38
2022-04-15 16:00:00,nan,,nan,nan,nan,nan,nan,750.38
2022-04-15 17:00:00,nan,,nan,nan,nan,nan,nan,750.38
2022-04-15 18:00:00,-84.0,-26.93,66.4,6.3,116.8,76.39030,68.11035,750.38
2022-04-15 19:00:00,nan,,nan,nan,nan,nan,nan,750.38
2022-04-15 20:00:00,nan,,nan,nan,nan,nan,nan,750.38
2022-04-15 21:00:00,nan,,nan,nan,nan,nan,nan,750.38
2022-04-15 22:00:00,nan,,nan,nan,nan,nan,nan,750.38
2022-04-15 23:00:00,nan,,nan,nan,nan,nan,nan,750.38
2022-04-16 00:00:00,-82.5,-29.55,69.2,3.5,93.5,76.39025,68.11021,750.34
2022-04-16 01:00:00,nan,,nan,nan,nan,nan,nan,750.34
2022-04-16 02:00:00,nan,,nan,nan,nan,nan,nan,750.34
2022-04-16 03:00:00,nan,,nan,nan,nan,nan,nan,750.34
2022-04-16 04:00:00,nan,,nan,nan,nan,nan,nan,750.34
2022-04-16 05:00:00,nan,,nan,nan,nan,nan,nan,750.34
2022-04-16 06:00:00,-80.9,-29.64,69.1,6.9,104.1,76.39034,68.11042,750.34
2022-04-16 07:00:00,nan,,nan,nan,nan,nan,nan,750.34
2022-04-16 08:00:00,nan,,nan,nan,nan,nan,nan,750.34
2022-04-16 09:00:00,nan,,nan,nan,nan,nan,nan,750.34
2022-04-16 10:00:00,nan,,nan,nan,nan,nan,nan,750.34
2022-04-16 11:00:00,nan,,nan,nan,nan,nan,nan,750.34
2022-04-16 12:00:00,-78.8,-28.52,67.4,8.2,113.9,76.39022,68.11034,750.34
2022-04-16 13:00:00,nan,,nan,nan,nan,nan,nan,750.34
2022-04-16 14:00:00,nan,,nan,nan,nan,nan,nan,750.34
2022-04-16 15:00:00,nan,,nan,nan,nan,nan,nan,750.34
2022-04-16 16:00:00,nan,,nan,nan,nan,nan,nan,750.34
2022-04-16 17:00:00,nan,,nan,nan,nan,nan,nan,750.34
2022-04-16 18:00:00,-78.9,-27.36,66.7,3.6,74.7,76.39025,68.11036,750.34
2022-04-16 19:00:00,nan,,nan,nan,nan,nan,nan,750.34
2022-04-16 20:00:00,nan,,nan,nan,nan,nan,nan,750.34
2022-04-16 21:00:00,nan,,nan,nan,nan,nan,nan,750.34
2022-04-16 22:00:00,nan,,nan,nan,nan,nan,nan,750.34
2022-04-16 23:00:00,nan,,nan,nan,nan,nan,nan,750.34
2022-04-17 00:00:00,-80.7,-29.58,65.5,2.8,42.0,76.39025,68.11037,750.30
2022-04-17 01:00:00,nan,,nan,nan,nan,nan,nan,750.30
2022-04-17 02:00:00,nan,,nan,nan,nan,nan,nan,750.30
2022-04-17 03:00:00,nan,,nan,nan,nan,nan,nan,750.30
2022-04-17 04:00:00,nan,,nan,nan,nan,nan,nan,750.30
2022-04-17 05:00:00,nan,,nan,nan,nan,nan,nan,750.30
2022-04-17 06:00:00,-81.7,-32.11,66.7,3.0,28.1,76.39026,68.11010,750.30
2022-04-17 07:00:00,nan,,nan,nan,nan,nan,nan,750.30
2022-04-17 08:00:00,nan,,nan,nan,nan,nan,nan,750.30
2022-04-17 09:00:00,nan,,nan,nan,nan,nan,nan,750.30
2022-04-17 10:00:00,nan,,nan,nan,nan,nan,nan,750.30
2022-04-17 11:00:00,nan,,nan,nan,nan,nan,nan,750.30
2022-04-17 12:00:00,-81.8,-29.21,61.1,2.1,31.1,76.39023,68.11030,750.30
2022-04-17 13:00:00,nan,,nan,nan,nan,nan,nan,750.30
2022-04-17 14:00:00,nan,,nan,nan,nan,nan,nan,750.30
2022-04-17 15:00:00,nan,,nan,nan,nan,nan,nan,750.30
2022-04-17 16:00:00,nan,,nan,nan,nan,nan,nan,750.30
2022-04-17 17:00:00,nan,,nan,nan,nan,nan,nan,750.30
2022-04-17 18:00:00,-82.6,-25.3,61.9,4.3,26.1,76.39025,68.11038,750.30
2022-04-17 19:00:00,nan,,nan,nan,nan,nan,nan,750.30
2022-04-17 20:00:00,nan,,nan,nan,nan,nan,nan,750.30
2022-04-17 21:00:00,nan,,nan,nan,nan,nan,nan,750.30
2022-04-17 22:00:00,nan,,nan,nan,nan,nan,nan,750.30
2022-04-17 23:00:00,nan,,nan,nan,nan,nan,nan,750.30
2022-04-18 00:00:00,-83.2,-27.92,65.3,4.4,333.0,76.39026,68.11033,750.26
2022-04-18 01:00:00,nan,,nan,nan,nan,nan,nan,750.26
2022-04-18 02:00:00,nan,,nan,nan,nan,nan,nan,750.26
2022-04-18 03:00:00,nan,,nan,nan,nan,nan,nan,750.26
2022-04-18 04:00:00,nan,,nan,nan,nan,nan,nan,750.26
2022-04-18 05:00:00,nan,,nan,nan,nan,nan,nan,750.26
2022-04-18 06:00:00,-82.8,-27.24,54.5,4.7,49.3,76.39025,68.11039,750.26
2022-04-18 07:00:00,nan,,nan,nan,nan,nan,nan,750.26
2022-04-18 08:00:00,nan,,nan,nan,nan,nan,nan,750.26
2022-04-18 09:00:00,nan,,nan,nan,nan,nan,nan,750.26
2022-04-18 10:00:00,nan,,nan,nan,nan,nan,nan,750.26
2022-04-18 11:00:00,nan,,nan,nan,nan,nan,nan,750.26
2022-04-18 12:00:00,-81.8,-25.2,47.6,4.3,75.8,76.39026,68.11019,750.26
2022-04-18 13:00:00,nan,,nan,nan,nan,nan,nan,750.26
2022-04-18 14:00:00,nan,,nan,nan,nan,nan,nan,750.26
2022-04-18 15:00:00,nan,,nan,nan,nan,nan,nan,750.26
2022-04-18 16:00:00,nan,,nan,nan,nan,nan,nan,750.26
2022-04-18 17:00:00,nan,,nan,nan,nan,nan,nan,750.26
2022-04-18 18:00:00,-82.9,-16.39,57.5,1.2,340.7,76.39032,68.11041,750.26
2022-04-18 19:00:00,nan,,nan,nan,nan,nan,nan,750.26
2022-04-18 20:00:00,nan,,nan,nan,nan,nan,nan,750.26
2022-04-18 21:00:00,nan,,nan,nan,nan,nan,nan,750.26
2022-04-18 22:00:00,nan,,nan,nan,nan,nan,nan,750.26
2022-04-18 23:00:00,nan,,nan,nan,nan,nan,nan,750.26
2022-04-19 00:00:00,-83.3,-21.61,64.5,5.5,108.3,76.39024,68.11021,750.22
2022-04-19 01:00:00,nan,,nan,nan,nan,nan,nan,750.22
2022-04-19 02:00:00,nan,,nan,nan,nan,nan,nan,750.22
2022-04-19 03:00:00,nan,,nan,nan,nan,nan,nan,750.22
2022-04-19 04:00:00,nan,,nan,nan,nan,nan,nan,750.22
2022-04-19 05:00:00,nan,,nan,nan,nan,nan,nan,750.22
2022-04-19 06:00:00,-82.5,-25.24,75.7,5.0,98.9,76.39024,68.11010,750.22
2022-04-19 07:00:00,nan,,nan,nan,nan,nan,nan,750.22
2022-04-19 08:00:00,nan,,nan,nan,nan,nan,nan,750.22
2022-04-19 09:00:00,nan,,nan,nan,nan,nan,nan,750.22
2022-04-19 10:00:00,nan,,nan,nan,nan,nan,nan,750.22
2022-04-19 11:00:00,nan,,nan,nan,nan,nan,nan,750.22
2022-04-19 12:00:00,-80.6,-25.88,70.5,11.2,114.9,76.39024,68.11026,750.22
2022-04-19 13:00:00,nan,,nan,nan,nan,nan,nan,750.22
2022-04-19 14:00:00,nan,,nan,nan,nan,nan,nan,750.22
2022-04-19 15:00:00,nan,,nan,nan,nan,nan,nan,750.22
2022-04-19 16:00:00,nan,,nan,nan,nan,nan,nan,750.22
2022-04-19 17:00:00,nan,,nan,nan,nan,nan,nan,750.22
2022-04-19 18:00:00,-77.5,-24.96,68.0,9.2,131.5,76.39028,68.11019,750.22
2022-04-19 19:00:00,nan,,nan,nan,nan,nan,nan,750.22
2022-04-19 20:00:00,nan,,nan,nan,nan,nan,nan,750.22
2022-04-19 21:00:00,nan,,nan,nan,nan,nan,nan,750.22
2022-04-19 22:00:00,nan,,nan,nan,nan,nan,nan,750.22
2022-04-19 23:00:00,nan,,nan,nan,nan,nan,nan,750.22
2022-04-20 00:00:00,-72.0,-26.56,72.0,11.9,128.4,76.39027,68.11030,750.17
2022-04-20 01:00:00,nan,,nan,nan,nan,nan,nan,750.17
2022-04-20 02:00:00,nan,,nan,nan,nan,nan,nan,750.17
2022-04-20 03:00:00,nan,,nan,nan,nan,nan,nan,750.17
2022-04-20 04:00:00,nan,,nan,nan,nan,nan,nan,750.17
2022-04-20 05:00:00,nan,,nan,nan,nan,nan,nan,750.17
2022-04-20 06:00:00,-67.7,-27.46,71.8,11.7,130.8,76.39024,68.11022,750.17
2022-04-20 07:00:00,nan,,nan,nan,nan,nan,nan,750.17
2022-04-20 08:00:00,nan,,nan,nan,nan,nan,nan,750.17
2022-04-20 09:00:00,nan,,nan,nan,nan,nan,nan,750.17
2022-04-20 10:00:00,nan,,nan,nan,nan,nan,nan,750.17
2022-04-20 11:00:00,nan,,nan,nan,nan,nan,nan,750.17
2022-04-20 12:00:00,-66.1,-26.91,68.4,13.6,130.1,76.39027,68.11035,750.17
2022-04-20 13:00:00,nan,,nan,nan,nan,nan,nan,750.17
2022-04-20 14:00:00,nan,,nan,nan,nan,nan,nan,750.17
2022-04-20 15:00:00,nan,,nan,nan,nan,nan,nan,750.17
2022-04-20 16:00:00,nan,,nan,nan,nan,nan,nan,750.17
2022-04-20 17:00:00,nan,,nan,nan,nan,nan,nan,750.17
2022-04-20 18:00:00,-65.0,-24.36,70.6,12.9,113.1,76.39032,68.11054,750.17
2022-04-20 19:00:00,nan,,nan,nan,nan,nan,nan,750.17
2022-04-20 20:00:00,nan,,nan,nan,nan,nan,nan,750.17
2022-04-20 21:00:00,nan,,nan,nan,nan,nan,nan,750.17
2022-04-20 22:00:00,nan,,nan,nan,nan,nan,nan,750.17
2022-04-20 23:00:00,nan,,nan,nan,nan,nan,nan,750.17
2022-04-21 00:00:00,-65.7,-24.61,74.9,9.9,123.9,76.39031,68.11036,750.13
2022-04-21 01:00:00,nan,,nan,nan,nan,nan,nan,750.13
2022-04-21 02:00:00,nan,,nan,nan,nan,nan,nan,750.13
2022-04-21 03:00:00,nan,,nan,nan,nan,nan,nan,750.13
2022-04-21 04:00:00,nan,,nan,nan,nan,nan,nan,750.13
2022-04-21 05:00:00,nan,,nan,nan,nan,nan,nan,750.13
2022-04-21 06:00:00,-68.9,-26.48,69.5,4.3,73.9,76.39025,68.11035,750.13
2022-04-21 07:00:00,nan,,nan,nan,nan,nan,nan,750.13
2022-04-21 08:00:00,nan,,nan,nan,nan,nan,nan,750.13
2022-04-21 09:00:00,nan,,nan,nan,nan,nan,nan,750.13
2022-04-21 10:00:00,nan,,nan,nan,nan,nan,nan,750.13
2022-04-21 11:00:00,nan,,nan,nan,nan,nan,nan,750.13
2022-04-21 12:00:00,-76.9,-22.85,61.5,6.3,51.4,76.39022,68.11043,750.13
2022-04-21 13:00:00,nan,,nan,nan,nan,nan,nan,750.13
2022-04-21 14:00:00,nan,,nan,nan,nan,nan,nan,750.13
2022-04-21 15:00:00,nan,,nan,nan,nan,nan,nan,750.13
2022-04-21 16:00:00,nan,,nan,nan,nan,nan,nan,750.13
2022-04-21 17:00:00,nan,,nan,nan,nan,nan,nan,750.13
2022-04-21 18:00:00,-82.3,-17.66,55.9,5.9,50.0,76.39027,68.11033,750.13
2022-04-21 19:00:00,nan,,nan,nan,nan,nan,nan,750.13
2022-04-21 20:00:00,nan,,nan,nan,nan,nan,nan,750.13
2022-04-21 21:00:00,nan,,nan,nan,nan,nan,nan,750.13
2022-04-21 22:00:00,nan,,nan,nan,nan,nan,nan,750.13
2022-04-21 23:00:00,nan,,nan,nan,nan,nan,nan,750.13
2022-04-22 00:00:00,-79.1,-21.81,62.0,4.7,74.9,76.39023,68.11020,750.09
2022-04-22 01:00:00,nan,,nan,nan,nan,nan,nan,750.09
2022-04-22 02:00:00,nan,,nan,nan,nan,nan,nan,750.09
2022-04-22 03:00:00,nan,,nan,nan,nan,nan,nan,750.09
2022-04-22 04:00:00,nan,,nan,nan,nan,nan,nan,750.09
2022-04-22 05:00:00,nan,,nan,nan,nan,nan,nan,750.09
2022-04-22 06:00:00,-80.1,-22.73,58.6,4.3,60.1,76.39027,68.11028,750.09
2022-04-22 07:00:00,nan,,nan,nan,nan,nan,nan,750.09
2022-04-22 08:00:00,nan,,nan,nan,nan,nan,nan,750.09
2022-04-22 09:00:00,nan,,nan,nan,nan,nan,nan,750.09
2022-04-22 10:00:00,nan,,nan,nan,nan,nan,nan,750.09
2022-04-22 11:00:00,nan,,nan,nan,nan,nan,nan,750.09
2022-04-22 12:00:00,-81.5,-17.49,59.7,5.2,18.4,76.39022,68.11055,750.09
2022-04-22 13:00:00,nan,,nan,nan,nan,nan,nan,750.09
2022-04-22 14:00:00,nan,,nan,nan,nan,nan,nan,750.09
2022-04-22 15:00:00,nan,,nan,nan,nan,nan,nan,750.09
2022-04-22 16:00:00,nan,,nan,nan,nan,nan,nan,750.09
2022-04-22 17:00:00,nan,,nan,nan,nan,nan,nan,750.09
2022-04-22 18:00:00,-73.0,-17.47,74.8,3.3,161.8,76.39031,68.11043,750.09
2022-04-22 19:00:00,nan,,nan,nan,nan,nan,nan,750.09
2022-04-22 20:00:00,nan,,nan,nan,nan,nan,nan,750.09
2022-04-22 21:00:00,nan,,nan,nan,nan,nan,nan,750.09
2022-04-22 22:00:00,nan,,nan,nan,nan,nan,nan,750.09
2022-04-22 23:00:00,nan,,nan,nan,nan,nan,nan,750.09
2022-04-23 00:00:00,-68.4,-21.39,80.2,8.9,134.6,76.39025,68.11002,750.05
2022-04-23 01:00:00,nan,,nan,nan,nan,nan,nan,750.05
2022-04-23 02:00:00,nan,,nan,nan,nan,nan,nan,750.05
2022-04-23 03:00:00,nan,,nan,nan,nan,nan,nan,750.05
2022-04-23 04:00:00,nan,,nan,nan,nan,nan,nan,750.05
2022-04-23 05:00:00,nan,,nan,nan,nan,nan,nan,750.05
2022-04-23 06:00:00,-66.6,-22.93,79.4,6.4,104.4,76.39029,68.11015,750.05
2022-04-23 07:00:00,nan,,nan,nan,nan,nan,nan,750.05
2022-04-23 08:00:00,nan,,nan,nan,nan,nan,nan,750.05
2022-04-23 09:00:00,nan,,nan,nan,nan,nan,nan,750.05
2022-04-23 10:00:00,nan,,nan,nan,nan,nan,nan,750.05
2022-04-23 11:00:00,nan,,nan,nan,nan,nan,nan,750.05
2022-04-23 12:00:00,-64.4,-22.26,75.4,7.4,111.1,76.39022,68.11029,750.05
2022-04-23 13:00:00,nan,,nan,nan,nan,nan,nan,750.05
2022-04-23 14:00:00,nan,,nan,nan,nan,nan,nan,750.05
2022-04-23 15:00:00,nan,,nan,nan,nan,nan,nan,750.05
2022-04-23 16:00:00,nan,,nan,nan,nan,nan,nan,750.05
2022-04-23 17:00:00,nan,,nan,nan,nan,nan,nan,750.05
2022-04-23 18:00:00,-62.7,-19.05,77.7,4.6,104.7,76.39025,68.11022,750.05
2022-04-23 19:00:00,nan,,nan,nan,nan,nan,nan,750.05
2022-04-23 20:00:00,nan,,nan,nan,nan,nan,nan,750.05
2022-04-23 21:00:00,nan,,nan,nan,nan,nan,nan,750.05
2022-04-23 22:00:00,nan,,nan,nan,nan,nan,nan,750.05
2022-04-23 23:00:00,nan,,nan,nan,nan,nan,nan,750.05
2022-04-24 00:00:00,-61.4,-22.1,73.1,3.5,74.6,76.39030,68.11048,750.01
2022-04-24 01:00:00,nan,,nan,nan,nan,nan,nan,750.01
2022-04-24 02:00:00,nan,,nan,nan,nan,nan,nan,750.01
2022-04-24 03:00:00,nan,,nan,nan,nan,nan,nan,750.01
2022-04-24 04:00:00,nan,,nan,nan,nan,nan,nan,750.01
2022-04-24 05:00:00,nan,,nan,nan,nan,nan,nan,750.01
2022-04-24 06:00:00,-59.4,-24.26,79.0,4.9,72.4,76.39026,68.11043,750.01
2022-04-24 07:00:00,nan,,nan,nan,nan,nan,nan,750.01
2022-04-24 08:00:00,nan,,nan,nan,nan,nan,nan,750.01
2022-04-24 09:00:00,nan,,nan,nan,nan,nan,nan,750.01
2022-04-24 10:00:00,nan,,nan,nan,nan,nan,nan,750.01
2022-04-24 11:00:00,nan,,nan,nan,nan,nan,nan,750.01
2022-04-24 12:00:00,-56.8,-20.39,79.5,4.8,78.7,76.39022,68.11020,750.01
2022-04-24 13:00:00,nan,,nan,nan,nan,nan,nan,750.01
2022-04-24 14:00:00,nan,,nan,nan,nan,nan,nan,750.01
2022-04-24 15:00:00,nan,,nan,nan,nan,nan,nan,750.01
2022-04-24 16:00:00,nan,,nan,nan,nan,nan,nan,750.01
2022-04-24 17:00:00,nan,,nan,nan,nan,nan,nan,750.01
2022-04-24 18:00:00,-55.4,-15.77,65.5,3.9,83.6,76.39023,68.11046,750.01
2022-04-24 19:00:00,nan,,nan,nan,nan,nan,nan,750.01
2022-04-24 20:00:00,nan,,nan,nan,nan,nan,nan,750.01
2022-04-24 21:00:00,nan,,nan,nan,nan,nan,nan,750.01
2022-04-24 22:00:00,nan,,nan,nan,nan,nan,nan,750.01
2022-04-24 23:00:00,nan,,nan,nan,nan,nan,nan,750.01
2022-04-25 00:00:00,-55.0,-18.09,61.9,5.4,83.8,76.39030,68.11026,749.97
2022-04-25 01:00:00,nan,,nan,nan,nan,nan,nan,749.97
2022-04-25 02:00:00,nan,,nan,nan,nan,nan,nan,749.97
2022-04-25 03:00:00,nan,,nan,nan,nan,nan,nan,749.97
2022-04-25 04:00:00,nan,,nan,nan,nan,nan,nan,749.97
2022-04-25 05:00:00,nan,,nan,nan,nan,nan,nan,749.97
2022-04-25 06:00:00,-55.5,-21.05,60.4,4.4,68.9,76.39027,68.11027,749.97
2022-04-25 07:00:00,nan,,nan,nan,nan,nan,nan,749.97
2022-04-25 08:00:00,nan,,nan,nan,nan,nan,nan,749.97
2022-04-25 09:00:00,nan,,nan,nan,nan,nan,nan,749.97
2022-04-25 10:00:00,nan,,nan,nan,nan,nan,nan,749.97
2022-04-25 11:00:00,nan,,nan,nan,nan,nan,nan,749.97
2022-04-25 12:00:00,-57.2,-13.47,63.1,3.7,25.1,76.39024,68.11037,749.97
2022-04-25 13:00:00,nan,,nan,nan,nan,nan,nan,749.97
2022-04-25 14:00:00,nan,,nan,nan,nan,nan,nan,749.97
2022-04-25 15:00:00,nan,,nan,nan,nan,nan,nan,749.97
2022-04-25 16:00:00,nan,,nan,nan,nan,nan,nan,749.97
2022-04-25 17:00:00,nan,,nan,nan,nan,nan,nan,749.97
2022-04-25 18:00:00,-60.8,-8.64,55.5,5.1,24.4,76.39019,68.11035,749.97
2022-04-25 19:00:00,nan,,nan,nan,nan,nan,nan,749.97
2022-04-25 20:00:00,nan,,nan,nan,nan,nan,nan,749.97
2022-04-25 21:00:00,nan,,nan,nan,nan,nan,nan,749.97
2022-04-25 22:00:00,nan,,nan,nan,nan,nan,nan,749.97
2022-04-25 23:00:00,nan,,nan,nan,nan,nan,nan,749.97
2022-04-26 00:00:00,-64.0,-9.39,54.3,5.0,57.7,76.39023,68.11033,749.93
2022-04-26 01:00:00,nan,,nan,nan,nan,nan,nan,749.93
2022-04-26 02:00:00,nan,,nan,nan,nan,nan,nan,749.93
2022-04-26 03:00:00,nan,,nan,nan,nan,nan,nan,749.93
2022-04-26 04:00:00,nan,,nan,nan,nan,nan,nan,749.93
2022-04-26 05:00:00,nan,,nan,nan,nan,nan,nan,749.93
2022-04-26 06:00:00,-66.3,-14.68,62.1,5.0,67.0,76.39022,68.11026,749.93
2022-04-26 07:00:00,nan,,nan,nan,nan,nan,nan,749.93
2022-04-26 08:00:00,nan,,nan,nan,nan,nan,nan,749.93
2022-04-26 09:00:00,nan,,nan,nan,nan,nan,nan,749.93
2022-04-26 10:00:00,nan,,nan,nan,nan,nan,nan,749.93
2022-04-26 11:00:00,nan,,nan,nan,nan,nan,nan,749.93
2022-04-26 12:00:00,-69.4,-11.02,54.6,3.5,18.1,76.39024,68.11027,749.93
2022-04-26 13:00:00,nan,,nan,nan,nan,nan,nan,749.93
2022-04-26 14:00:00,nan,,nan,nan,nan,nan,nan,749.93
2022-04-26 15:00:00,nan,,nan,nan,nan,nan,nan,749.93
2022-04-26 16:00:00,nan,,nan,nan,nan,nan,nan,749.93
2022-04-26 17:00:00,nan,,nan,nan,nan,nan,nan,749.93
2022-04-26 18:00:00,-73.6,-6.04,48.6,4.9,50.3,76.39021,68.11026,749.93
2022-04-26 19:00:00,nan,,nan,nan,nan,nan,nan,749.93
2022-04-26 20:00:00,nan,,nan,nan,nan,nan,nan,749.93
2022-04-26 21:00:00,nan,,nan,nan,nan,nan,nan,749.93
2022-04-26 22:00:00,nan,,nan,nan,nan,nan,nan,749.93
2022-04-26 23:00:00,nan,,nan,nan,nan,nan,nan,749.93
2022-04-27 00:00:00,-75.4,-11.02,56.8,5.3,78.6,76.39019,68.11045,749.89
2022-04-27 01:00:00,nan,,nan,nan,nan,nan,nan,749.89
2022-04-27 02:00:00,nan,,nan,nan,nan,nan,nan,749.89
2022-04-27 03:00:00,nan,,nan,nan,nan,nan,nan,749.89
2022-04-27 04:00:00,nan,,nan,nan,nan,nan,nan,749.89
2022-04-27 05:00:00,nan,,nan,nan,nan,nan,nan,749.89
2022-04-27 06:00:00,-75.3,-12.5,75.0,6.7,72.8,76.39024,68.11022,749.89
2022-04-27 07:00:00,nan,,nan,nan,nan,nan,nan,749.89
2022-04-27 08:00:00,nan,,nan,nan,nan,nan,nan,749.89
2022-04-27 09:00:00,nan,,nan,nan,nan,nan,nan,749.89
2022-04-27 10:00:00,nan,,nan,nan,nan,nan,nan,749.89
2022-04-27 11:00:00,nan,,nan,nan,nan,nan,nan,749.89
2022-04-27 12:00:00,-75.0,-10.48,69.1,4.4,68.5,76.39026,68.11020,749.89
2022-04-27 13:00:00,nan,,nan,nan,nan,nan,nan,749.89
2022-04-27 14:00:00,nan,,nan,nan,nan,nan,nan,749.89
2022-04-27 15:00:00,nan,,nan,nan,nan,nan,nan,749.89
2022-04-27 16:00:00,nan,,nan,nan,nan,nan,nan,749.89
2022-04-27 17:00:00,nan,,nan,nan,nan,nan,nan,749.89
2022-04-27 18:00:00,-76.0,-7.022,65.6,3.8,86.2,76.39014,68.11032,749.89
2022-04-27 19:00:00,nan,,nan,nan,nan,nan,nan,749.89
2022-04-27 20:00:00,nan,,nan,nan,nan,nan,nan,749.89
2022-04-27 21:00:00,nan,,nan,nan,nan,nan,nan,749.89
2022-04-27 22:00:00,nan,,nan,nan,nan,nan,nan,749.89
2022-04-27 23:00:00,nan,,nan,nan,nan,nan,nan,749.89
2022-04-28 00:00:00,-76.4,-6.812,70.4,4.5,92.3,76.39025,68.11031,749.85
2022-04-28 01:00:00,nan,,nan,nan,nan,nan,nan,749.85
2022-04-28 02:00:00,nan,,nan,nan,nan,nan,nan,749.85
2022-04-28 03:00:00,nan,,nan,nan,nan,nan,nan,749.85
2022-04-28 04:00:00,nan,,nan,nan,nan,nan,nan,749.85
2022-04-28 05:00:00,nan,,nan,nan,nan,nan,nan,749.85
2022-04-28 06:00:00,-76.8,-7.71,83.5,4.9,91.4,76.39028,68.11018,749.85
2022-04-28 07:00:00,nan,,nan,nan,nan,nan,nan,749.85
2022-04-28 08:00:00,nan,,nan,nan,nan,nan,nan,749.85
2022-04-28 09:00:00,nan,,nan,nan,nan,nan,nan,749.85
2022-04-28 10:00:00,nan,,nan,nan,nan,nan,nan,749.85
2022-04-28 11:00:00,nan,,nan,nan,nan,nan,nan,749.85
2022-04-28 12:00:00,-76.9,-5.701,83.2,7.6,98.8,76.39026,68.11040,749.85
2022-04-28 13:00:00,nan,,nan,nan,nan,nan,nan,749.85
2022-04-28 14:00:00,nan,,nan,nan,nan,nan,nan,749.85
2022-04-28 15:00:00,nan,,nan,nan,nan,nan,nan,749.85
2022-04-28 16:00:00,nan,,nan,nan,nan,nan,nan,749.85
2022-04-28 17:00:00,nan,,nan,nan,nan,nan,nan,749.85
2022-04-28 18:00:00,-77.4,-5.323,88.4,10.3,138.8,76.39023,68.11029,749.85
2022-04-28 19:00:00,nan,,nan,nan,nan,nan,nan,749.85
2022-04-28 20:00:00,nan,,nan,nan,nan,nan,nan,749.85
2022-04-28 21:00:00,nan,,nan,nan,nan,nan,nan,749.85
2022-04-28 22:00:00,nan,,nan,nan,nan,nan,nan,749.85
2022-04-28 23:00:00,nan,,nan,nan,nan,nan,nan,749.85
2022-04-29 00:00:00,-73.2,-16.0,87.4,14.0,111.1,76.39023,68.11040,749.81
2022-04-29 01:00:00,nan,,nan,nan,nan,nan,nan,749.81
2022-04-29 02:00:00,nan,,nan,nan,nan,nan,nan,749.81
2022-04-29 03:00:00,nan,,nan,nan,nan,nan,nan,749.81
2022-04-29 04:00:00,nan,,nan,nan,nan,nan,nan,749.81
2022-04-29 05:00:00,nan,,nan,nan,nan,nan,nan,749.81
2022-04-29 06:00:00,-72.5,-15.1,60.0,4.6,57.2,76.39026,68.11022,749.81
2022-04-29 07:00:00,nan,,nan,nan,nan,nan,nan,749.81
2022-04-29 08:00:00,nan,,nan,nan,nan,nan,nan,749.81
2022-04-29 09:00:00,nan,,nan,nan,nan,nan,nan,749.81
2022-04-29 10:00:00,nan,,nan,nan,nan,nan,nan,749.81
2022-04-29 11:00:00,nan,,nan,nan,nan,nan,nan,749.81
2022-04-29 12:00:00,-74.6,-12.85,60.8,4.3,80.3,76.39023,68.11030,749.81
2022-04-29 13:00:00,nan,,nan,nan,nan,nan,nan,749.81
2022-04-29 14:00:00,nan,,nan,nan,nan,nan,nan,749.81
2022-04-29 15:00:00,nan,,nan,nan,nan,nan,nan,749.81
2022-04-29 16:00:00,nan,,nan,nan,nan,nan,nan,749.81
2022-04-29 17:00:00,nan,,nan,nan,nan,nan,nan,749.81
2022-04-29 18:00:00,-78.3,-7.833,58.8,2.9,13.5,76.39025,68.11033,749.81
2022-04-29 19:00:00,nan,,nan,nan,nan,nan,nan,749.81
2022-04-29 20:00:00,nan,,nan,nan,nan,nan,nan,749.81
2022-04-29 21:00:00,nan,,nan,nan,nan,nan,nan,749.81
2022-04-29 22:00:00,nan,,nan,nan,nan,nan,nan,749.81
2022-04-29 23:00:00,nan,,nan,nan,nan,nan,nan,749.81
2022-04-30 00:00:00,-79.2,-10.93,55.7,3.6,9.7,76.39020,68.11031,749.77
2022-04-30 01:00:00,nan,,nan,nan,nan,nan,nan,749.77
2022-04-30 02:00:00,nan,,nan,nan,nan,nan,nan,749.77
2022-04-30 03:00:00,nan,,nan,nan,nan,nan,nan,749.77
2022-04-30 04:00:00,nan,,nan,nan,nan,nan,nan,749.77
2022-04-30 05:00:00,nan,,nan,nan,nan,nan,nan,749.77
2022-04-30 06:00:00,-72.1,-14.33,88.7,11.5,127.9,76.39024,68.11011,749.77
2022-04-30 07:00:00,nan,,nan,nan,nan,nan,nan,749.77
2022-04-30 08:00:00,nan,,nan,nan,nan,nan,nan,749.77
2022-04-30 09:00:00,nan,,nan,nan,nan,nan,nan,749.77
2022-04-30 10:00:00,nan,,nan,nan,nan,nan,nan,749.77
2022-04-30 11:00:00,nan,,nan,nan,nan,nan,nan,749.77
2022-04-30 12:00:00,-64.2,-15.48,84.2,14.9,138.3,76.39025,68.11037,749.77
2022-04-30 13:00:00,nan,,nan,nan,nan,nan,nan,749.77
2022-04-30 14:00:00,nan,,nan,nan,nan,nan,nan,749.77
2022-04-30 15:00:00,nan,,nan,nan,nan,nan,nan,749.77
2022-04-30 16:00:00,nan,,nan,nan,nan,nan,nan,749.77
2022-04-30 17:00:00,nan,,nan,nan,nan,nan,nan,749.77
2022-04-30 18:00:00,-59.0,-15.71,77.9,13.7,123.6,76.39028,68.11059,749.77
2022-04-30 19:00:00,nan,,nan,nan,nan,nan,nan,749.77
2022-04-30 20:00:00,nan,,nan,nan,nan,nan,nan,749.77
2022-04-30 21:00:00,nan,,nan,nan,nan,nan,nan,749.77
2022-04-30 22:00:00,nan,,nan,nan,nan,nan,nan,749.77
2022-04-30 23:00:00,nan,,nan,nan,nan,nan,nan,749.77
2022-05-01 00:00:00,-55.5,-16.02,85.2,10.0,115.0,76.39031,68.11029,749.73
2022-05-01 01:00:00,nan,,nan,nan,nan,nan,nan,749.73
2022-05-01 02:00:00,nan,,nan,nan,nan,nan,nan,749.73
2022-05-01 03:00:00,nan,,nan,nan,nan,nan,nan,749.73
2022-05-01 04:00:00,nan,,nan,nan,nan,nan,nan,749.73
2022-05-01 05:00:00,nan,,nan,nan,nan,nan,nan,749.73
2022-05-01 06:00:00,-56.3,-18.02,70.2,6.5,99.5,76.39023,68.11030,749.73
2022-05-01 07:00:00,nan,,nan,nan,nan,nan,nan,749.73
2022-05-01 08:00:00,nan,,nan,nan,nan,nan,nan,749.73
2022-05-01 09:00:00,nan,,nan,nan,nan,nan,nan,749.73
2022-05-01 10:00:00,nan,,nan,nan,nan,nan,nan,749.73
2022-05-01 11:00:00,nan,,nan,nan,nan,nan,nan,749.73
2022-05-01 12:00:00,-57.0,-15.15,51.8,4.7,68.7,76.39026,68.11024,749.73
2022-05-01 13:00:00,nan,,nan,nan,nan,nan,nan,749.73
2022-05-01 14:00:00,nan,,nan,nan,nan,nan,nan,749.73
2022-05-01 15:00:00,nan,,nan,nan,nan,nan,nan,749.73
2022-05-01 16:00:00,nan,,nan,nan,nan,nan,nan,749.73
2022-05-01 17:00:00,nan,,nan,nan,nan,nan,nan,749.73
2022-05-01 18:00:00,-61.1,-10.2,45.6,5.8,27.1,76.39029,68.11022,749.73
2022-05-01 19:00:00,nan,,nan,nan,nan,nan,nan,749.73
2022-05-01 20:00:00,nan,,nan,nan,nan,nan,nan,749.73
2022-05-01 21:00:00,nan,,nan,nan,nan,nan,nan,749.73
2022-05-01 22:00:00,nan,,nan,nan,nan,nan,nan,749.73
2022-05-01 23:00:00,nan,,nan,nan,nan,nan,nan,749.73
2022-05-02 00:00:00,-64.4,-13.12,53.6,3.4,23.0,76.39032,68.11022,749.69
2022-05-02 01:00:00,nan,,nan,nan,nan,nan,nan,749.69
2022-05-02 02:00:00,nan,,nan,nan,nan,nan,nan,749.69
2022-05-02 03:00:00,nan,,nan,nan,nan,nan,nan,749.69
2022-05-02 04:00:00,nan,,nan,nan,nan,nan,nan,749.69
2022-05-02 05:00:00,nan,,nan,nan,nan,nan,nan,749.69
2022-05-02 06:00:00,-65.6,-18.4,65.9,4.0,68.6,76.39025,68.11033,749.69
2022-05-02 07:00:00,nan,,nan,nan,nan,nan,nan,749.69
2022-05-02 08:00:00,nan,,nan,nan,nan,nan,nan,749.69
2022-05-02 09:00:00,nan,,nan,nan,nan,nan,nan,749.69
2022-05-02 10:00:00,nan,,nan,nan,nan,nan,nan,749.69
2022-05-02 11:00:00,nan,,nan,nan,nan,nan,nan,749.69
2022-05-02 12:00:00,-66.5,-11.98,51.8,1.2,43.3,76.39025,68.11033,749.69
2022-05-02 13:00:00,nan,,nan,nan,nan,nan,nan,749.69
2022-05-02 14:00:00,nan,,nan,nan,nan,nan,nan,749.69
2022-05-02 15:00:00,nan,,nan,nan,nan,nan,nan,749.69
2022-05-02 16:00:00,nan,,nan,nan,nan,nan,nan,749.69
2022-05-02 17:00:00,nan,,nan,nan,nan,nan,nan,749.69
2022-05-02 18:00:00,-67.8,-10.66,63.4,2.7,5.9,76.39025,68.11027,749.69
2022-05-02 19:00:00,nan,,nan,nan,nan,nan,nan,749.69
2022-05-02 20:00:00,nan,,nan,nan,nan,nan,nan,749.69
2022-05-02 21:00:00,nan,,nan,nan,nan,nan,nan,749.69
2022-05-02 22:00:00,nan,,nan,nan,nan,nan,nan,749.69
2022-05-02 23:00:00,nan,,nan,nan,nan,nan,nan,749.69
2022-05-03 00:00:00,-69.0,-11.85,44.5,1.9,93.4,76.39027,68.11027,749.65
2022-05-03 01:00:00,nan,,nan,nan,nan,nan,nan,749.65
2022-05-03 02:00:00,nan,,nan,nan,nan,nan,nan,749.65
2022-05-03 03:00:00,nan,,nan,nan,nan,nan,nan,749.65
2022-05-03 04:00:00,nan,,nan,nan,nan,nan,nan,749.65
2022-05-03 05:00:00,nan,,nan,nan,nan,nan,nan,749.65
2022-05-03 06:00:00,-70.4,-19.19,54.7,3.4,68.8,76.39026,68.11019,749.65
2022-05-03 07:00:00,nan,,nan,nan,nan,nan,nan,749.65
2022-05-03 08:00:00,nan,,nan,nan,nan,nan,nan,749.65
2022-05-03 09:00:00,nan,,nan,nan,nan,nan,nan,749.65
2022-05-03 10:00:00,nan,,nan,nan,nan,nan,nan,749.65
2022-05-03 11:00:00,nan,,nan,nan,nan,nan,nan,749.65
2022-05-03 12:00:00,-71.4,-11.98,39.9,1.4,43.5,76.39027,68.11032,749.65
2022-05-03 13:00:00,nan,,nan,nan,nan,nan,nan,749.65
2022-05-03 14:00:00,nan,,nan,nan,nan,nan,nan,749.65
2022-05-03 15:00:00,nan,,nan,nan,nan,nan,nan,749.65
2022-05-03 16:00:00,nan,,nan,nan,nan,nan,nan,749.65
2022-05-03 17:00:00,nan,,nan,nan,nan,nan,nan,749.65
2022-05-03 18:00:00,-74.3,-9.49,60.4,2.9,322.3,76.39026,68.11028,749.65
2022-05-03 19:00:00,nan,,nan,nan,nan,nan,nan,749.65
2022-05-03 20:00:00,nan,,nan,nan,nan,nan,nan,749.65
2022-05-03 21:00:00,nan,,nan,nan,nan,nan,nan,749.65
2022-05-03 22:00:00,nan,,nan,nan,nan,nan,nan,749.65
2022-05-03 23:00:00,nan,,nan,nan,nan,nan,nan,749.65
2022-05-04 00:00:00,-76.3,-9.09,51.6,3.2,5.7,76.39026,68.11032,749.61
2022-05-04 01:00:00,nan,,nan,nan,nan,nan,nan,749.61
2022-05-04 02:00:00,nan,,nan,nan,nan,nan,nan,749.61
2022-05-04 03:00:00,nan,,nan,nan,nan,nan,nan,749.61
2022-05-04 04:00:00,nan,,nan,nan,nan,nan,nan,749.61
2022-05-04 05:00:00,nan,,nan,nan,nan,nan,nan,749.61
2022-05-04 06:00:00,-78.3,-9.59,64.8,1.4,336.5,76.39028,68.11035,749.61
2022-05-04 07:00:00,nan,,nan,nan,nan,nan,nan,749.61
2022-05-04 08:00:00,nan,,nan,nan,nan,nan,nan,749.61
2022-05-04 09:00:00,nan,,nan,nan,nan,nan,nan,749.61
2022-05-04 10:00:00,nan,,nan,nan,nan,nan,nan,749.61
2022-05-04 11:00:00,nan,,nan,nan,nan,nan,nan,749.61
2022-05-04 12:00:00,-78.5,-10.72,70.1,5.5,93.4,76.39025,68.11039,749.61
2022-05-04 13:00:00,nan,,nan,nan,nan,nan,nan,749.61
2022-05-04 14:00:00,nan,,nan,nan,nan,nan,nan,749.61
2022-05-04 15:00:00,nan,,nan,nan,nan,nan,nan,749.61
2022-05-04 16:00:00,nan,,nan,nan,nan,nan,nan,749.61
2022-05-04 17:00:00,nan,,nan,nan,nan,nan,nan,749.61
2022-05-04 18:00:00,-77.0,-9.69,62.6,5.2,109.4,76.39025,68.11010,749.61
2022-05-04 19:00:00,nan,,nan,nan,nan,nan,nan,749.61
2022-05-04 20:00:00,nan,,nan,nan,nan,nan,nan,749.61
2022-05-04 21:00:00,nan,,nan,nan,nan,nan,nan,749.61
2022-05-04 22:00:00,nan,,nan,nan,nan,nan,nan,749.61
2022-05-04 23:00:00,nan,,nan,nan,nan,nan,nan,749.61
2022-05-05 00:00:00,-76.1,-11.45,69.5,5.7,104.0,76.39025,68.11032,749.57
2022-05-05 01:00:00,nan,,nan,nan,nan,nan,nan,749.57
2022-05-05 02:00:00,nan,,nan,nan,nan,nan,nan,749.57
2022-05-05 03:00:00,nan,,nan,nan,nan,nan,nan,749.57
2022-05-05 04:00:00,nan,,nan,nan,nan,nan,nan,749.57
2022-05-05 05:00:00,nan,,nan,nan,nan,nan,nan,749.57
2022-05-05 06:00:00,-75.3,-13.87,82.8,7.4,104.4,76.39022,68.11035,749.57
2022-05-05 07:00:00,nan,,nan,nan,nan,nan,nan,749.57
2022-05-05 08:00:00,nan,,nan,nan,nan,nan,nan,749.57
2022-05-05 09:00:00,nan,,nan,nan,nan,nan,nan,749.57
2022-05-05 10:00:00,nan,,nan,nan,nan,nan,nan,749.57
2022-05-05 11:00:00,nan,,nan,nan,nan,nan,nan,749.57
2022-05-05 12:00:00,-75.4,-13.79,78.7,8.6,112.4,76.39026,68.11038,749.57
2022-05-05 13:00:00,nan,,nan,nan,nan,nan,nan,749.57
2022-05-05 14:00:00,nan,,nan,nan,nan,nan,nan,749.57
2022-05-05 15:00:00,nan,,nan,nan,nan,nan,nan,749.57
2022-05-05 16:00:00,nan,,nan,nan,nan,nan,nan,749.57
2022-05-05 17:00:00,nan,,nan,nan,nan,nan,nan,749.57
2022-05-05 18:00:00,-76.5,-12.3,67.0,8.1,113.9,76.39023,68.11025,749.57
2022-05-05 19:00:00,nan,,nan,nan,nan,nan,nan,749.57
2022-05-05 20:00:00,nan,,nan,nan,nan,nan,nan,749.57
2022-05-05 21:00:00,nan,,nan,nan,nan,nan,nan,749.57
2022-05-05 22:00:00,nan,,nan,nan,nan,nan,nan,749.57
2022-05-05 23:00:00,nan,,nan,nan,nan,nan,nan,749.57
2022-05-06 00:00:00,-78.1,-13.72,71.1,6.7,91.0,76.39028,68.11037,749.52
2022-05-06 01:00:00,nan,,nan,nan,nan,nan,nan,749.52
2022-05-06 02:00:00,nan,,nan,nan,nan,nan,nan,749.52
2022-05-06 03:00:00,nan,,nan,nan,nan,nan,nan,749.52
2022-05-06 04:00:00,nan,,nan,nan,nan,nan,nan,749.52
2022-05-06 05:00:00,nan,,nan,nan,nan,nan,nan,749.52
2022-05-06 06:00:00,-78.5,-15.66,68.2,7.3,92.2,76.39023,68.11013,749.52
2022-05-06 07:00:00,nan,,nan,nan,nan,nan,nan,749.52
2022-05-06 08:00:00,nan,,nan,nan,nan,nan,nan,749.52
2022-05-06 09:00:00,nan,,nan,nan,nan,nan,nan,749.52
2022-05-06 10:00:00,nan,,nan,nan,nan,nan,nan,749.52
2022-05-06 11:00:00,nan,,nan,nan,nan,nan,nan,749.52
2022-05-06 12:00:00,-78.8,-14.1,72.2,7.2,98.5,76.39028,68.11038,749.52
2022-05-06 13:00:00,nan,,nan,nan,nan,nan,nan,749.52
2022-05-06 14:00:00,nan,,nan,nan,nan,nan,nan,749.52
2022-05-06 15:00:00,nan,,nan,nan,nan,nan,nan,749.52
2022-05-06 16:00:00,nan,,nan,nan,nan,nan,nan,749.52
2022-05-06 17:00:00,nan,,nan,nan,nan,nan,nan,749.52
2022-05-06 18:00:00,-79.7,-13.06,72.6,9.2,109.0,76.39027,68.11034,749.52
2022-05-06 19:00:00,nan,,nan,nan,nan,nan,nan,749.52
2022-05-06 20:00:00,nan,,nan,nan,nan,nan,nan,749.52
2022-05-06 21:00:00,nan,,nan,nan,nan,nan,nan,749.52
2022-05-06 22:00:00,nan,,nan,nan,nan,nan,nan,749.52
2022-05-06 23:00:00,nan,,nan,nan,nan,nan,nan,749.52
2022-05-07 00:00:00,-80.3,-13.97,73.2,7.7,109.8,76.39026,68.11001,749.48
2022-05-07 01:00:00,nan,,nan,nan,nan,nan,nan,749.48
2022-05-07 02:00:00,nan,,nan,nan,nan,nan,nan,749.48
2022-05-07 03:00:00,nan,,nan,nan,nan,nan,nan,749.48
2022-05-07 04:00:00,nan,,nan,nan,nan,nan,nan,749.48
2022-05-07 05:00:00,nan,,nan,nan,nan,nan,nan,749.48
2022-05-07 06:00:00,-80.3,-14.77,71.2,6.5,91.9,76.39022,68.11008,749.48
2022-05-07 07:00:00,nan,,nan,nan,nan,nan,nan,749.48
2022-05-07 08:00:00,nan,,nan,nan,nan,nan,nan,749.48
2022-05-07 09:00:00,nan,,nan,nan,nan,nan,nan,749.48
2022-05-07 10:00:00,nan,,nan,nan,nan,nan,nan,749.48
2022-05-07 11:00:00,nan,,nan,nan,nan,nan,nan,749.48
2022-05-07 12:00:00,-79.9,-11.68,62.0,5.9,80.4,76.39025,68.11045,749.48
2022-05-07 13:00:00,nan,,nan,nan,nan,nan,nan,749.48
2022-05-07 14:00:00,nan,,nan,nan,nan,nan,nan,749.48
2022-05-07 15:00:00,nan,,nan,nan,nan,nan,nan,749.48
2022-05-07 16:00:00,nan,,nan,nan,nan,nan,nan,749.48
2022-05-07 17:00:00,nan,,nan,nan,nan,nan,nan,749.48
2022-05-07 18:00:00,-78.7,-9.42,55.4,5.2,115.9,76.39027,68.11034,749.48
2022-05-07 19:00:00,nan,,nan,nan,nan,nan,nan,749.48
2022-05-07 20:00:00,nan,,nan,nan,nan,nan,nan,749.48
2022-05-07 21:00:00,nan,,nan,nan,nan,nan,nan,749.48
2022-05-07 22:00:00,nan,,nan,nan,nan,nan,nan,749.48
2022-05-07 23:00:00,nan,,nan,nan,nan,nan,nan,749.48
2022-05-08 00:00:00,-78.5,-10.53,65.3,5.1,103.6,76.39030,68.11027,749.44
2022-05-08 01:00:00,nan,,nan,nan,nan,nan,nan,749.44
2022-05-08 02:00:00,nan,,nan,nan,nan,nan,nan,749.44
2022-05-08 03:00:00,nan,,nan,nan,nan,nan,nan,749.44
2022-05-08 04:00:00,nan,,nan,nan,nan,nan,nan,749.44
2022-05-08 05:00:00,nan,,nan,nan,nan,nan,nan,749.44
2022-05-08 06:00:00,-78.9,-11.38,74.9,2.4,81.8,76.39035,68.11007,749.44
2022-05-08 07:00:00,nan,,nan,nan,nan,nan,nan,749.44
2022-05-08 08:00:00,nan,,nan,nan,nan,nan,nan,749.44
2022-05-08 09:00:00,nan,,nan,nan,nan,nan,nan,749.44
2022-05-08 10:00:00,nan,,nan,nan,nan,nan,nan,749.44
2022-05-08 11:00:00,nan,,nan,nan,nan,nan,nan,749.44
2022-05-08 12:00:00,-79.1,-10.03,63.9,3.0,86.5,76.39025,68.11025,749.44
2022-05-08 13:00:00,nan,,nan,nan,nan,nan,nan,749.44
2022-05-08 14:00:00,nan,,nan,nan,nan,nan,nan,749.44
2022-05-08 15:00:00,nan,,nan,nan,nan,nan,nan,749.44
2022-05-08 16:00:00,nan,,nan,nan,nan,nan,nan,749.44
2022-05-08 17:00:00,nan,,nan,nan,nan,nan,nan,749.44
2022-05-08 18:00:00,-80.3,-8.63,63.0,6.6,103.2,76.39027,68.11026,749.44
2022-05-08 19:00:00,nan,,nan,nan,nan,nan,nan,749.44
2022-05-08 20:00:00,nan,,nan,nan,nan,nan,nan,749.44
2022-05-08 21:00:00,nan,,nan,nan,nan,nan,nan,749.44
2022-05-08 22:00:00,nan,,nan,nan,nan,nan,nan,749.44
2022-05-08 23:00:00,nan,,nan,nan,nan,nan,nan,749.44
2022-05-09 00:00:00,-81.1,-10.13,64.4,5.7,85.4,76.39030,68.11033,749.40
2022-05-09 01:00:00,nan,,nan,nan,nan,nan,nan,749.40
2022-05-09 02:00:00,nan,,nan,nan,nan,nan,nan,749.40
2022-05-09 03:00:00,nan,,nan,nan,nan,nan,nan,749.40
2022-05-09 04:00:00,nan,,nan,nan,nan,nan,nan,749.40
2022-05-09 05:00:00,nan,,nan,nan,nan,nan,nan,749.40
2022-05-09 06:00:00,-82.8,-13.58,66.5,3.9,57.8,76.39028,68.11022,749.40
2022-05-09 07:00:00,nan,,nan,nan,nan,nan,nan,749.40
2022-05-09 08:00:00,nan,,nan,nan,nan,nan,nan,749.40
2022-05-09 09:00:00,nan,,nan,nan,nan,nan,nan,749.40
2022-05-09 10:00:00,nan,,nan,nan,nan,nan,nan,749.40
2022-05-09 11:00:00,nan,,nan,nan,nan,nan,nan,749.40
2022-05-09 12:00:00,-83.6,-10.26,58.5,3.5,68.5,76.39025,68.11041,749.40
2022-05-09 13:00:00,nan,,nan,nan,nan,nan,nan,749.40
2022-05-09 14:00:00,nan,,nan,nan,nan,nan,nan,749.40
2022-05-09 15:00:00,nan,,nan,nan,nan,nan,nan,749.40
2022-05-09 16:00:00,nan,,nan,nan,nan,nan,nan,749.40
2022-05-09 17:00:00,nan,,nan,nan,nan,nan,nan,749.40
2022-05-09 18:00:00,-83.7,-6.232,56.7,1.5,0.1,76.39027,68.11039,749.40
2022-05-09 19:00:00,nan,,nan,nan,nan,nan,nan,749.40
2022-05-09 20:00:00,nan,,nan,nan,nan,nan,nan,749.40
2022-05-09 21:00:00,nan,,nan,nan,nan,nan,nan,749.40
2022-05-09 22:00:00,nan,,nan,nan,nan,nan,nan,749.40
2022-05-09 23:00:00,nan,,nan,nan,nan,nan,nan,749.40
2022-05-10 00:00:00,-85.7,-10.87,63.6,5.4,30.9,76.39029,68.11045,749.36
2022-05-10 01:00:00,nan,,nan,nan,nan,nan,nan,749.36
2022-05-10 02:00:00,nan,,nan,nan,nan,nan,nan,749.36
2022-05-10 03:00:00,nan,,nan,nan,nan,nan,nan,749.36
2022-05-10 04:00:00,nan,,nan,nan,nan,nan,nan,749.36
2022-05-10 05:00:00,nan,,nan,nan,nan,nan,nan,749.36
2022-05-10 06:00:00,-83.8,-12.54,63.3,6.9,84.1,76.39023,68.11035,749.36
2022-05-10 07:00:00,nan,,nan,nan,nan,nan,nan,749.36
2022-05-10 08:00:00,nan,,nan,nan,nan,nan,nan,749.36
2022-05-10 09:00:00,nan,,nan,nan,nan,nan,nan,749.36
2022-05-10 10:00:00,nan,,nan,nan,nan,nan,nan,749.36
2022-05-10 11:00:00,nan,,nan,nan,nan,nan,nan,749.36
2022-05-10 12:00:00,-79.8,-11.54,77.2,8.4,114.5,76.39023,68.11042,749.36
2022-05-10 13:00:00,nan,,nan,nan,nan,nan,nan,749.36
2022-05-10 14:00:00,nan,,nan,nan,nan,nan,nan,749.36
2022-05-10 15:00:00,nan,,nan,nan,nan,nan,nan,749.36
2022-05-10 16:00:00,nan,,nan,nan,nan,nan,nan,749.36
2022-05-10 17:00:00,nan,,nan,nan,nan,nan,nan,749.36
2022-05-10 18:00:00,-77.0,-8.75,77.1,4.3,109.1,76.39027,68.11051,749.36
2022-05-10 19:00:00,nan,,nan,nan,nan,nan,nan,749.36
2022-05-10 20:00:00,nan,,nan,nan,nan,nan,nan,749.36
2022-05-10 21:00:00,nan,,nan,nan,nan,nan,nan,749.36
2022-05-10 22:00:00,nan,,nan,nan,nan,nan,nan,749.36
2022-05-10 23:00:00,nan,,nan,nan,nan,nan,nan,749.36
2022-05-11 00:00:00,-77.5,-10.54,93.9,2.9,112.7,76.39029,68.11034,749.32
2022-05-11 01:00:00,nan,,nan,nan,nan,nan,nan,749.32
2022-05-11 02:00:00,nan,,nan,nan,nan,nan,nan,749.32
2022-05-11 03:00:00,nan,,nan,nan,nan,nan,nan,749.32
2022-05-11 04:00:00,nan,,nan,nan,nan,nan,nan,749.32
2022-05-11 05:00:00,nan,,nan,nan,nan,nan,nan,749.32
2022-05-11 06:00:00,-79.8,-10.92,82.1,4.4,33.5,76.39023,68.11042,749.32
2022-05-11 07:00:00,nan,,nan,nan,nan,nan,nan,749.32
2022-05-11 08:00:00,nan,,nan,nan,nan,nan,nan,749.32
2022-05-11 09:00:00,nan,,nan,nan,nan,nan,nan,749.32
2022-05-11 10:00:00,nan,,nan,nan,nan,nan,nan,749.32
2022-05-11 11:00:00,nan,,nan,nan,nan,nan,nan,749.32
2022-05-11 12:00:00,-82.2,-8.37,61.1,2.3,73.9,76.39025,68.11051,749.32
2022-05-11 13:00:00,nan,,nan,nan,nan,nan,nan,749.32
2022-05-11 14:00:00,nan,,nan,nan,nan,nan,nan,749.32
2022-05-11 15:00:00,nan,,nan,nan,nan,nan,nan,749.32
2022-05-11 16:00:00,nan,,nan,nan,nan,nan,nan,749.32
2022-05-11 17:00:00,nan,,nan,nan,nan,nan,nan,749.32
2022-05-11 18:00:00,-82.5,-9.79,84.7,4.4,111.8,76.39018,68.11035,749.32
2022-05-11 19:00:00,nan,,nan,nan,nan,nan,nan,749.32
2022-05-11 20:00:00,nan,,nan,nan,nan,nan,nan,749.32
2022-05-11 21:00:00,nan,,nan,nan,nan,nan,nan,749.32
2022-05-11 22:00:00,nan,,nan,nan,nan,nan,nan,749.32
2022-05-11 23:00:00,nan,,nan,nan,nan,nan,nan,749.32
2022-05-12 00:00:00,-84.0,-10.71,88.8,0.6,306.9,76.39022,68.11017,749.28
2022-05-12 01:00:00,nan,,nan,nan,nan,nan,nan,749.28
2022-05-12 02:00:00,nan,,nan,nan,nan,nan,nan,749.28
2022-05-12 03:00:00,nan,,nan,nan,nan,nan,nan,749.28
2022-05-12 04:00:00,nan,,nan,nan,nan,nan,nan,749.28
2022-05-12 05:00:00,nan,,nan,nan,nan,nan,nan,749.28
2022-05-12 06:00:00,-85.7,-13.38,85.3,3.4,25.7,76.39016,68.11047,749.28
2022-05-12 07:00:00,nan,,nan,nan,nan,nan,nan,749.28
2022-05-12 08:00:00,nan,,nan,nan,nan,nan,nan,749.28
2022-05-12 09:00:00,nan,,nan,nan,nan,nan,nan,749.28
2022-05-12 10:00:00,nan,,nan,nan,nan,nan,nan,749.28
2022-05-12 11:00:00,nan,,nan,nan,nan,nan,nan,749.28
2022-05-12 12:00:00,-85.7,-10.58,62.4,2.6,101.8,76.39023,68.11036,749.28
2022-05-12 13:00:00,nan,,nan,nan,nan,nan,nan,749.28
2022-05-12 14:00:00,nan,,nan,nan,nan,nan,nan,749.28
2022-05-12 15:00:00,nan,,nan,nan,nan,nan,nan,749.28
2022-05-12 16:00:00,nan,,nan,nan,nan,nan,nan,749.28
2022-05-12 17:00:00,nan,,nan,nan,nan,nan,nan,749.28
2022-05-12 18:00:00,-84.2,-11.54,61.7,1.9,60.0,76.39029,68.11026,749.28
2022-05-12 19:00:00,nan,,nan,nan,nan,nan,nan,749.28
2022-05-12 20:00:00,nan,,nan,nan,nan,nan,nan,749.28
2022-05-12 21:00:00,nan,,nan,nan,nan,nan,nan,749.28
2022-05-12 22:00:00,nan,,nan,nan,nan,nan,nan,749.28
2022-05-12 23:00:00,nan,,nan,nan,nan,nan,nan,749.28
2022-05-13 00:00:00,-84.0,-14.98,84.6,3.5,47.5,76.39022,68.11044,749.24
2022-05-13 01:00:00,nan,,nan,nan,nan,nan,nan,749.24
2022-05-13 02:00:00,nan,,nan,nan,nan,nan,nan,749.24
2022-05-13 03:00:00,nan,,nan,nan,nan,nan,nan,749.24
2022-05-13 04:00:00,nan,,nan,nan,nan,nan,nan,749.24
2022-05-13 05:00:00,nan,,nan,nan,nan,nan,nan,749.24
2022-05-13 06:00:00,-82.3,-16.78,75.4,3.1,62.5,76.39021,68.11054,749.24
2022-05-13 07:00:00,nan,,nan,nan,nan,nan,nan,749.24
2022-05-13 08:00:00,nan,,nan,nan,nan,nan,nan,749.24
2022-05-13 09:00:00,nan,,nan,nan,nan,nan,nan,749.24
2022-05-13 10:00:00,nan,,nan,nan,nan,nan,nan,749.24
2022-05-13 11:00:00,nan,,nan,nan,nan,nan,nan,749.24
2022-05-13 12:00:00,-80.7,-9.0,57.1,2.2,21.5,76.39020,68.11032,749.24
2022-05-13 13:00:00,nan,,nan,nan,nan,nan,nan,749.24
2022-05-13 14:00:00,nan,,nan,nan,nan,nan,nan,749.24
2022-05-13 15:00:00,nan,,nan,nan,nan,nan,nan,749.24
2022-05-13 16:00:00,nan,,nan,nan,nan,nan,nan,749.24
2022-05-13 17:00:00,nan,,nan,nan,nan,nan,nan,749.24
2022-05-13 18:00:00,-79.7,-9.04,67.8,3.4,38.1,76.39023,68.11051,749.24
2022-05-13 19:00:00,nan,,nan,nan,nan,nan,nan,749.24
2022-05-13 20:00:00,nan,,nan,nan,nan,nan,nan,749.24
2022-05-13 21:00:00,nan,,nan,nan,nan,nan,nan,749.24
2022-05-13 22:00:00,nan,,nan,nan,nan,nan,nan,749.24
2022-05-13 23:00:00,nan,,nan,nan,nan,nan,nan,749.24
2022-05-14 00:00:00,-77.9,-12.02,73.9,5.1,39.5,76.39024,68.11029,749.20
2022-05-14 01:00:00,nan,,nan,nan,nan,nan,nan,749.20
2022-05-14 02:00:00,nan,,nan,nan,nan,nan,nan,749.20
2022-05-14 03:00:00,nan,,nan,nan,nan,nan,nan,749.20
2022-05-14 04:00:00,nan,,nan,nan,nan,nan,nan,749.20
2022-05-14 05:00:00,nan,,nan,nan,nan,nan,nan,749.20
2022-05-14 06:00:00,-76.2,-12.88,65.2,3.4,30.9,76.39027,68.11036,749.20
2022-05-14 07:00:00,nan,,nan,nan,nan,nan,nan,749.20
2022-05-14 08:00:00,nan,,nan,nan,nan,nan,nan,749.20
2022-05-14 09:00:00,nan,,nan,nan,nan,nan,nan,749.20
2022-05-14 10:00:00,nan,,nan,nan,nan,nan,nan,749.20
2022-05-14 11:00:00,nan,,nan,nan,nan,nan,nan,749.20
2022-05-14 12:00:00,-75.1,-7.807,58.5,2.7,24.1,76.39024,68.11036,749.20
2022-05-14 13:00:00,nan,,nan,nan,nan,nan,nan,749.20
2022-05-14 14:00:00,nan,,nan,nan,nan,nan,nan,749.20
2022-05-14 15:00:00,nan,,nan,nan,nan,nan,nan,749.20
2022-05-14 16:00:00,nan,,nan,nan,nan,nan,nan,749.20
2022-05-14 17:00:00,nan,,nan,nan,nan,nan,nan,749.20
2022-05-14 18:00:00,-74.3,-7.639,67.3,2.4,351.8,76.39029,68.11041,749.20
2022-05-14 19:00:00,nan,,nan,nan,nan,nan,nan,749.20
2022-05-14 20:00:00,nan,,nan,nan,nan,nan,nan,749.20
2022-05-14 21:00:00,nan,,nan,nan,nan,nan,nan,749.20
2022-05-14 22:00:00,nan,,nan,nan,nan,nan,nan,749.20
2022-05-14 23:00:00,nan,,nan,nan,nan,nan,nan,749.20
2022-05-15 00:00:00,-74.0,-13.05,68.5,3.3,68.7,76.39030,68.11017,749.16
2022-05-15 01:00:00,nan,,nan,nan,nan,nan,nan,749.16
2022-05-15 02:00:00,nan,,nan,nan,nan,nan,nan,749.16
2022-05-15 03:00:00,nan,,nan,nan,nan,nan,nan,749.16
2022-05-15 04:00:00,nan,,nan,nan,nan,nan,nan,749.16
2022-05-15 05:00:00,nan,,nan,nan,nan,nan,nan,749.16
2022-05-15 06:00:00,-73.4,-12.38,70.6,4.2,74.1,76.39025,68.11043,749.16
2022-05-15 07:00:00,nan,,nan,nan,nan,nan,nan,749.16
2022-05-15 08:00:00,nan,,nan,nan,nan,nan,nan,749.16
2022-05-15 09:00:00,nan,,nan,nan,nan,nan,nan,749.16
2022-05-15 10:00:00,nan,,nan,nan,nan,nan,nan,749.16
2022-05-15 11:00:00,nan,,nan,nan,nan,nan,nan,749.16
2022-05-15 12:00:00,-72.2,-9.18,57.8,5.9,112.2,76.39028,68.11006,749.16
2022-05-15 13:00:00,nan,,nan,nan,nan,nan,nan,749.16
2022-05-15 14:00:00,nan,,nan,nan,nan,nan,nan,749.16
2022-05-15 15:00:00,nan,,nan,nan,nan,nan,nan,749.16
2022-05-15 16:00:00,nan,,nan,nan,nan,nan,nan,749.16
2022-05-15 17:00:00,nan,,nan,nan,nan,nan,nan,749.16
2022-05-15 18:00:00,-70.7,-9.12,61.1,4.7,95.1,76.39023,68.11050,749.16
2022-05-15 19:00:00,nan,,nan,nan,nan,nan,nan,749.16
2022-05-15 20:00:00,nan,,nan,nan,nan,nan,nan,749.16
2022-05-15 21:00:00,nan,,nan,nan,nan,nan,nan,749.16
2022-05-15 22:00:00,nan,,nan,nan,nan,nan,nan,749.16
2022-05-15 23:00:00,nan,,nan,nan,nan,nan,nan,749.16
2022-05-16 00:00:00,-70.6,-11.44,71.0,2.6,65.7,76.39020,68.11036,749.12
2022-05-16 01:00:00,nan,,nan,nan,nan,nan,nan,749.12
2022-05-16 02:00:00,nan,,nan,nan,nan,nan,nan,749.12
2022-05-16 03:00:00,nan,,nan,nan,nan,nan,nan,749.12
2022-05-16 04:00:00,nan,,nan,nan,nan,nan,nan,749.12
2022-05-16 05:00:00,nan,,nan,nan,nan,nan,nan,749.12
2022-05-16 06:00:00,-71.2,-9.46,69.4,4.0,39.6,76.39020,68.11033,749.12
2022-05-16 07:00:00,nan,,nan,nan,nan,nan,nan,749.12
2022-05-16 08:00:00,nan,,nan,nan,nan,nan,nan,749.12
2022-05-16 09:00:00,nan,,nan,nan,nan,nan,nan,749.12
2022-05-16 10:00:00,nan,,nan,nan,nan,nan,nan,749.12
2022-05-16 11:00:00,nan,,nan,nan,nan,nan,nan,749.12
2022-05-16 12:00:00,-70.2,-4.439,67.3,2.7,3.4,76.39019,68.11016,749.12
2022-05-16 13:00:00,nan,,nan,nan,nan,nan,nan,749.12
2022-05-16 14:00:00,nan,,nan,nan,nan,nan,nan,749.12
2022-05-16 15:00:00,nan,,nan,nan,nan,nan,nan,749.12
2022-05-16 16:00:00,nan,,nan,nan,nan,nan,nan,749.12
2022-05-16 17:00:00,nan,,nan,nan,nan,nan,nan,749.12
2022-05-16 18:00:00,-68.6,-2.576,59.4,0.8,48.4,76.39028,68.11039,749.12
2022-05-16 19:00:00,nan,,nan,nan,nan,nan,nan,749.12
2022-05-16 20:00:00,nan,,nan,nan,nan,nan,nan,749.12
2022-05-16 21:00:00,nan,,nan,nan,nan,nan,nan,749.12
2022-05-16 22:00:00,nan,,nan,nan,nan,nan,nan,749.12
2022-05-16 23:00:00,nan,,nan,nan,nan,nan,nan,749.12
2022-05-17 00:00:00,-67.9,-13.65,81.8,2.7,65.1,76.39020,68.11053,749.08
2022-05-17 01:00:00,nan,,nan,nan,nan,nan,nan,749.08
2022-05-17 02:00:00,nan,,nan,nan,nan,nan,nan,749.08
2022-05-17 03:00:00,nan,,nan,nan,nan,nan,nan,749.08
2022-05-17 04:00:00,nan,,nan,nan,nan,nan,nan,749.08
2022-05-17 05:00:00,nan,,nan,nan,nan,nan,nan,749.08
2022-05-17 06:00:00,-68.9,-10.56,69.4,3.5,39.4,76.39027,68.11042,749.08
2022-05-17 07:00:00,nan,,nan,nan,nan,nan,nan,749.08
2022-05-17 08:00:00,nan,,nan,nan,nan,nan,nan,749.08
2022-05-17 09:00:00,nan,,nan,nan,nan,nan,nan,749.08
2022-05-17 10:00:00,nan,,nan,nan,nan,nan,nan,749.08
2022-05-17 11:00:00,nan,,nan,nan,nan,nan,nan,749.08
2022-05-17 12:00:00,-68.9,-2.953,53.5,3.3,29.7,76.39020,68.11022,749.08
2022-05-17 13:00:00,nan,,nan,nan,nan,nan,nan,749.08
2022-05-17 14:00:00,nan,,nan,nan,nan,nan,nan,749.08
2022-05-17 15:00:00,nan,,nan,nan,nan,nan,nan,749.08
2022-05-17 16:00:00,nan,,nan,nan,nan,nan,nan,749.08
2022-05-17 17:00:00,nan,,nan,nan,nan,nan,nan,749.08
2022-05-17 18:00:00,-68.9,-2.094,58.3,1.7,335.6,76.39027,68.11021,749.08
2022-05-17 19:00:00,nan,,nan,nan,nan,nan,nan,749.08
2022-05-17 20:00:00,nan,,nan,nan,nan,nan,nan,749.08
2022-05-17 21:00:00,nan,,nan,nan,nan,nan,nan,749.08
2022-05-17 22:00:00,nan,,nan,nan,nan,nan,nan,749.08
2022-05-17 23:00:00,nan,,nan,nan,nan,nan,nan,749.08
2022-05-18 00:00:00,-69.5,-7.99,75.5,2.7,39.0,76.39024,68.11053,749.04
2022-05-18 01:00:00,nan,,nan,nan,nan,nan,nan,749.04
2022-05-18 02:00:00,nan,,nan,nan,nan,nan,nan,749.04
2022-05-18 03:00:00,nan,,nan,nan,nan,nan,nan,749.04
2022-05-18 04:00:00,nan,,nan,nan,nan,nan,nan,749.04
2022-05-18 05:00:00,nan,,nan,nan,nan,nan,nan,749.04
2022-05-18 06:00:00,-69.7,-7.949,70.8,3.6,86.8,76.39022,68.11043,749.04
2022-05-18 07:00:00,nan,,nan,nan,nan,nan,nan,749.04
2022-05-18 08:00:00,nan,,nan,nan,nan,nan,nan,749.04
2022-05-18 09:00:00,nan,,nan,nan,nan,nan,nan,749.04
2022-05-18 10:00:00,nan,,nan,nan,nan,nan,nan,749.04
2022-05-18 11:00:00,nan,,nan,nan,nan,nan,nan,749.04
2022-05-18 12:00:00,-71.6,-3.601,59.7,5.1,114.0,76.39017,68.11027,749.04
2022-05-18 13:00:00,nan,,nan,nan,nan,nan,nan,749.04
2022-05-18 14:00:00,nan,,nan,nan,nan,nan,nan,749.04
2022-05-18 15:00:00,nan,,nan,nan,nan,nan,nan,749.04
2022-05-18 16:00:00,nan,,nan,nan,nan,nan,nan,749.04
2022-05-18 17:00:00,nan,,nan,nan,nan,nan,nan,749.04
2022-05-18 18:00:00,-74.5,-6.528,64.9,7.3,117.9,76.39027,68.11028,749.04
2022-05-18 19:00:00,nan,,nan,nan,nan,nan,nan,749.04
2022-05-18 20:00:00,nan,,nan,nan,nan,nan,nan,749.04
2022-05-18 21:00:00,nan,,nan,nan,nan,nan,nan,749.04
2022-05-18 22:00:00,nan,,nan,nan,nan,nan,nan,749.04
2022-05-18 23:00:00,nan,,nan,nan,nan,nan,nan,749.04
2022-05-19 00:00:00,-75.3,-6.778,71.8,4.9,91.6,76.39032,68.11032,749.00
2022-05-19 01:00:00,nan,,nan,nan,nan,nan,nan,749.00
2022-05-19 02:00:00,nan,,nan,nan,nan,nan,nan,749.00
2022-05-19 03:00:00,nan,,nan,nan,nan,nan,nan,749.00
2022-05-19 04:00:00,nan,,nan,nan,nan,nan,nan,749.00
2022-05-19 05:00:00,nan,,nan,nan,nan,nan,nan,749.00
2022-05-19 06:00:00,-76.2,-7.008,83.9,3.3,94.7,76.39022,68.11031,749.00
2022-05-19 07:00:00,nan,,nan,nan,nan,nan,nan,749.00
2022-05-19 08:00:00,nan,,nan,nan,nan,nan,nan,749.00
2022-05-19 09:00:00,nan,,nan,nan,nan,nan,nan,749.00
2022-05-19 10:00:00,nan,,nan,nan,nan,nan,nan,749.00
2022-05-19 11:00:00,nan,,nan,nan,nan,nan,nan,749.00
2022-05-19 12:00:00,-75.9,-6.026,81.2,4.9,312.3,76.39029,68.11041,749.00
2022-05-19 13:00:00,nan,,nan,nan,nan,nan,nan,749.00
2022-05-19 14:00:00,nan,,nan,nan,nan,nan,nan,749.00
2022-05-19 15:00:00,nan,,nan,nan,nan,nan,nan,749.00
2022-05-19 16:00:00,nan,,nan,nan,nan,nan,nan,749.00
2022-05-19 17:00:00,nan,,nan,nan,nan,nan,nan,749.00
2022-05-19 18:00:00,-75.2,-7.571,88.6,3.0,352.6,76.39029,68.11033,749.00
2022-05-19 19:00:00,nan,,nan,nan,nan,nan,nan,749.00
2022-05-19 20:00:00,nan,,nan,nan,nan,nan,nan,749.00
2022-05-19 21:00:00,nan,,nan,nan,nan,nan,nan,749.00
2022-05-19 22:00:00,nan,,nan,nan,nan,nan,nan,749.00
2022-05-19 23:00:00,nan,,nan,nan,nan,nan,nan,749.00
2022-05-20 00:00:00,-74.1,-9.83,91.2,3.6,344.8,76.39025,68.11037,748.96
2022-05-20 01:00:00,nan,,nan,nan,nan,nan,nan,748.96
2022-05-20 02:00:00,nan,,nan,nan,nan,nan,nan,748.96
2022-05-20 03:00:00,nan,,nan,nan,nan,nan,nan,748.96
2022-05-20 04:00:00,nan,,nan,nan,nan,nan,nan,748.96
2022-05-20 05:00:00,nan,,nan,nan,nan,nan,nan,748.96
2022-05-20 06:00:00,-75.0,-10.66,87.8,1.7,4.9,76.39026,68.11029,748.96
2022-05-20 07:00:00,nan,,nan,nan,nan,nan,nan,748.96
2022-05-20 08:00:00,nan,,nan,nan,nan,nan,nan,748.96
2022-05-20 09:00:00,nan,,nan,nan,nan,nan,nan,748.96
2022-05-20 10:00:00,nan,,nan,nan,nan,nan,nan,748.96
2022-05-20 11:00:00,nan,,nan,nan,nan,nan,nan,748.96
2022-05-20 12:00:00,-75.3,-8.8,75.8,3.7,335.2,76.39027,68.11051,748.96
2022-05-20 13:00:00,nan,,nan,nan,nan,nan,nan,748.96
2022-05-20 14:00:00,nan,,nan,nan,nan,nan,nan,748.96
2022-05-20 15:00:00,nan,,nan,nan,nan,nan,nan,748.96
2022-05-20 16:00:00,nan,,nan,nan,nan,nan,nan,748.96
2022-05-20 17:00:00,nan,,nan,nan,nan,nan,nan,748.96
2022-05-20 18:00:00,-75.2,-8.24,67.6,1.7,349.0,76.39021,68.11034,748.96
2022-05-20 19:00:00,nan,,nan,nan,nan,nan,nan,748.96
2022-05-20 20:00:00,nan,,nan,nan,nan,nan,nan,748.96
2022-05-20 21:00:00,nan,,nan,nan,nan,nan,nan,748.96
2022-05-20 22:00:00,nan,,nan,nan,nan,nan,nan,748.96
2022-05-20 23:00:00,nan,,nan,nan,nan,nan,nan,748.96
2022-05-21 00:00:00,-76.4,-13.46,89.9,1.9,42.3,76.39022,68.11034,748.92
2022-05-21 01:00:00,nan,,nan,nan,nan,nan,nan,748.92
2022-05-21 02:00:00,nan,,nan,nan,nan,nan,nan,748.92
2022-05-21 03:00:00,nan,,nan,nan,nan,nan,nan,748.92
2022-05-21 04:00:00,nan,,nan,nan,nan,nan,nan,748.92
2022-05-21 05:00:00,nan,,nan,nan,nan,nan,nan,748.92
2022-05-21 06:00:00,-79.4,-11.25,86.3,3.6,149.4,76.39025,68.11036,748.92
2022-05-21 07:00:00,nan,,nan,nan,nan,nan,nan,748.92
2022-05-21 08:00:00,nan,,nan,nan,nan,nan,nan,748.92
2022-05-21 09:00:00,nan,,nan,nan,nan,nan,nan,748.92
2022-05-21 10:00:00,nan,,nan,nan,nan,nan,nan,748.92
2022-05-21 11:00:00,nan,,nan,nan,nan,nan,nan,748.92
2022-05-21 12:00:00,-82.0,-0.838,45.1,0.4,229.0,76.39029,68.11038,748.92
2022-05-21 13:00:00,nan,,nan,nan,nan,nan,nan,748.92
2022-05-21 14:00:00,nan,,nan,nan,nan,nan,nan,748.92
2022-05-21 15:00:00,nan,,nan,nan,nan,nan,nan,748.92
2022-05-21 16:00:00,nan,,nan,nan,nan,nan,nan,748.92
2022-05-21 17:00:00,nan,,nan,nan,nan,nan,nan,748.92
2022-05-21 18:00:00,-83.1,-10.81,81.3,3.2,155.0,76.39029,68.11041,748.92
2022-05-21 19:00:00,nan,,nan,nan,nan,nan,nan,748.92
2022-05-21 20:00:00,nan,,nan,nan,nan,nan,nan,748.92
2022-05-21 21:00:00,nan,,nan,nan,nan,nan,nan,748.92
2022-05-21 22:00:00,nan,,nan,nan,nan,nan,nan,748.92
2022-05-21 23:00:00,nan,,nan,nan,nan,nan,nan,748.92
2022-05-22 00:00:00,-85.3,-12.45,92.1,2.9,112.7,76.39026,68.11039,748.87
2022-05-22 01:00:00,nan,,nan,nan,nan,nan,nan,748.87
2022-05-22 02:00:00,nan,,nan,nan,nan,nan,nan,748.87
2022-05-22 03:00:00,nan,,nan,nan,nan,nan,nan,748.87
2022-05-22 04:00:00,nan,,nan,nan,nan,nan,nan,748.87
2022-05-22 05:00:00,nan,,nan,nan,nan,nan,nan,748.87
2022-05-22 06:00:00,-91.5,-10.16,75.6,6.6,106.2,76.39024,68.11032,748.87
2022-05-22 07:00:00,nan,,nan,nan,nan,nan,nan,748.87
2022-05-22 08:00:00,nan,,nan,nan,nan,nan,nan,748.87
2022-05-22 09:00:00,nan,,nan,nan,nan,nan,nan,748.87
2022-05-22 10:00:00,nan,,nan,nan,nan,nan,nan,748.87
2022-05-22 11:00:00,nan,,nan,nan,nan,nan,nan,748.87
2022-05-22 12:00:00,-97.5,-4.667,65.5,4.0,96.8,76.39027,68.11048,748.87
2022-05-22 13:00:00,nan,,nan,nan,nan,nan,nan,748.87
2022-05-22 14:00:00,nan,,nan,nan,nan,nan,nan,748.87
2022-05-22 15:00:00,nan,,nan,nan,nan,nan,nan,748.87
2022-05-22 16:00:00,nan,,nan,nan,nan,nan,nan,748.87
2022-05-22 17:00:00,nan,,nan,nan,nan,nan,nan,748.87
2022-05-22 18:00:00,-102.7,-2.177,80.7,2.0,101.5,76.39021,68.11032,748.87
2022-05-22 19:00:00,nan,,nan,nan,nan,nan,nan,748.87
2022-05-22 20:00:00,nan,,nan,nan,nan,nan,nan,748.87
2022-05-22 21:00:00,nan,,nan,nan,nan,nan,nan,748.87
2022-05-22 22:00:00,nan,,nan,nan,nan,nan,nan,748.87
2022-05-22 23:00:00,nan,,nan,nan,nan,nan,nan,748.87
2022-05-23 00:00:00,-102.6,-5.314,95.5,12.3,109.3,76.39023,68.11026,748.83
2022-05-23 01:00:00,nan,,nan,nan,nan,nan,nan,748.83
2022-05-23 02:00:00,nan,,nan,nan,nan,nan,nan,748.83
2022-05-23 03:00:00,nan,,nan,nan,nan,nan,nan,748.83
2022-05-23 04:00:00,nan,,nan,nan,nan,nan,nan,748.83
2022-05-23 05:00:00,nan,,nan,nan,nan,nan,nan,748.83
2022-05-23 06:00:00,-102.1,-6.15,94.5,17.6,134.0,76.39021,68.11045,748.83
2022-05-23 07:00:00,nan,,nan,nan,nan,nan,nan,748.83
2022-05-23 08:00:00,nan,,nan,nan,nan,nan,nan,748.83
2022-05-23 09:00:00,nan,,nan,nan,nan,nan,nan,748.83
2022-05-23 10:00:00,nan,,nan,nan,nan,nan,nan,748.83
2022-05-23 11:00:00,nan,,nan,nan,nan,nan,nan,748.83
2022-05-23 12:00:00,-99.8,-8.2,86.1,19.4,132.4,76.39028,68.11044,748.83
2022-05-23 13:00:00,nan,,nan,nan,nan,nan,nan,748.83
2022-05-23 14:00:00,nan,,nan,nan,nan,nan,nan,748.83
2022-05-23 15:00:00,nan,,nan,nan,nan,nan,nan,748.83
2022-05-23 16:00:00,nan,,nan,nan,nan,nan,nan,748.83
2022-05-23 17:00:00,nan,,nan,nan,nan,nan,nan,748.83
2022-05-23 18:00:00,-93.5,-10.79,87.5,13.6,147.8,76.39025,68.11044,748.83
2022-05-23 19:00:00,nan,,nan,nan,nan,nan,nan,748.83
2022-05-23 20:00:00,nan,,nan,nan,nan,nan,nan,748.83
2022-05-23 21:00:00,nan,,nan,nan,nan,nan,nan,748.83
2022-05-23 22:00:00,nan,,nan,nan,nan,nan,nan,748.83
2022-05-23 23:00:00,nan,,nan,nan,nan,nan,nan,748.83
2022-05-24 00:00:00,-89.4,-11.2,91.9,5.8,137.0,76.39026,68.11033,748.79
2022-05-24 01:00:00,nan,,nan,nan,nan,nan,nan,748.79
2022-05-24 02:00:00,nan,,nan,nan,nan,nan,nan,748.79
2022-05-24 03:00:00,nan,,nan,nan,nan,nan,nan,748.79
2022-05-24 04:00:00,nan,,nan,nan,nan,nan,nan,748.79
2022-05-24 05:00:00,nan,,nan,nan,nan,nan,nan,748.79
2022-05-24 06:00:00,-88.1,-11.52,79.3,3.5,81.8,76.39025,68.11042,748.79
2022-05-24 07:00:00,nan,,nan,nan,nan,nan,nan,748.79
2022-05-24 08:00:00,nan,,nan,nan,nan,nan,nan,748.79
2022-05-24 09:00:00,nan,,nan,nan,nan,nan,nan,748.79
2022-05-24 10:00:00,nan,,nan,nan,nan,nan,nan,748.79
2022-05-24 11:00:00,nan,,nan,nan,nan,nan,nan,748.79
2022-05-24 12:00:00,-87.9,-4.52,72.4,4.8,88.5,76.39025,68.11027,748.79
2022-05-24 13:00:00,nan,,nan,nan,nan,nan,nan,748.79
2022-05-24 14:00:00,nan,,nan,nan,nan,nan,nan,748.79
2022-05-24 15:00:00,nan,,nan,nan,nan,nan,nan,748.79
2022-05-24 16:00:00,nan,,nan,nan,nan,nan,nan,748.79
2022-05-24 17:00:00,nan,,nan,nan,nan,nan,nan,748.79
2022-05-24 18:00:00,-86.5,-4.206,73.9,2.1,111.3,76.39023,68.11026,748.79
2022-05-24 19:00:00,nan,,nan,nan,nan,nan,nan,748.79
2022-05-24 20:00:00,nan,,nan,nan,nan,nan,nan,748.79
2022-05-24 21:00:00,nan,,nan,nan,nan,nan,nan,748.79
2022-05-24 22:00:00,nan,,nan,nan,nan,nan,nan,748.79
2022-05-24 23:00:00,nan,,nan,nan,nan,nan,nan,748.79
2022-05-25 00:00:00,-84.4,-9.41,92.0,12.0,124.1,76.39028,68.11036,748.75
2022-05-25 01:00:00,nan,,nan,nan,nan,nan,nan,748.75
2022-05-25 02:00:00,nan,,nan,nan,nan,nan,nan,748.75
2022-05-25 03:00:00,nan,,nan,nan,nan,nan,nan,748.75
2022-05-25 04:00:00,nan,,nan,nan,nan,nan,nan,748.75
2022-05-25 05:00:00,nan,,nan,nan,nan,nan,nan,748.75
2022-05-25 06:00:00,-81.0,-14.96,86.9,11.0,127.4,76.39028,68.11028,748.75
2022-05-25 07:00:00,nan,,nan,nan,nan,nan,nan,748.75
2022-05-25 08:00:00,nan,,nan,nan,nan,nan,nan,748.75
2022-05-25 09:00:00,nan,,nan,nan,nan,nan,nan,748.75
2022-05-25 10:00:00,nan,,nan,nan,nan,nan,nan,748.75
2022-05-25 11:00:00,nan,,nan,nan,nan,nan,nan,748.75
2022-05-25 12:00:00,-77.6,-14.0,77.0,6.6,140.9,76.39026,68.11026,748.75
2022-05-25 13:00:00,nan,,nan,nan,nan,nan,nan,748.75
2022-05-25 14:00:00,nan,,nan,nan,nan,nan,nan,748.75
2022-05-25 15:00:00,nan,,nan,nan,nan,nan,nan,748.75
2022-05-25 16:00:00,nan,,nan,nan,nan,nan,nan,748.75
2022-05-25 17:00:00,nan,,nan,nan,nan,nan,nan,748.75
2022-05-25 18:00:00,-78.2,-11.33,65.9,4.7,65.9,76.39021,68.11024,748.75
2022-05-25 19:00:00,nan,,nan,nan,nan,nan,nan,748.75
2022-05-25 20:00:00,nan,,nan,nan,nan,nan,nan,748.75
2022-05-25 21:00:00,nan,,nan,nan,nan,nan,nan,748.75
2022-05-25 22:00:00,nan,,nan,nan,nan,nan,nan,748.75
2022-05-25 23:00:00,nan,,nan,nan,nan,nan,nan,748.75
2022-05-26 00:00:00,-80.2,-12.67,74.2,3.1,79.6,76.39026,68.11030,748.71
2022-05-26 01:00:00,nan,,nan,nan,nan,nan,nan,748.71
2022-05-26 02:00:00,nan,,nan,nan,nan,nan,nan,748.71
2022-05-26 03:00:00,nan,,nan,nan,nan,nan,nan,748.71
2022-05-26 04:00:00,nan,,nan,nan,nan,nan,nan,748.71
2022-05-26 05:00:00,nan,,nan,nan,nan,nan,nan,748.71
2022-05-26 06:00:00,-80.2,-10.2,66.3,5.2,92.6,76.39027,68.11040,748.71
2022-05-26 07:00:00,nan,,nan,nan,nan,nan,nan,748.71
2022-05-26 08:00:00,nan,,nan,nan,nan,nan,nan,748.71
2022-05-26 09:00:00,nan,,nan,nan,nan,nan,nan,748.71
2022-05-26 10:00:00,nan,,nan,nan,nan,nan,nan,748.71
2022-05-26 11:00:00,nan,,nan,nan,nan,nan,nan,748.71
2022-05-26 12:00:00,-79.0,-5.317,57.7,4.6,98.6,76.39020,68.11031,748.71
2022-05-26 13:00:00,nan,,nan,nan,nan,nan,nan,748.71
2022-05-26 14:00:00,nan,,nan,nan,nan,nan,nan,748.71
2022-05-26 15:00:00,nan,,nan,nan,nan,nan,nan,748.71
2022-05-26 16:00:00,nan,,nan,nan,nan,nan,nan,748.71
2022-05-26 17:00:00,nan,,nan,nan,nan,nan,nan,748.71
2022-05-26 18:00:00,-81.0,-1.299,67.2,6.1,46.0,76.39013,68.11047,748.71
2022-05-26 19:00:00,nan,,nan,nan,nan,nan,nan,748.71
2022-05-26 20:00:00,nan,,nan,nan,nan,nan,nan,748.71
2022-05-26 21:00:00,nan,,nan,nan,nan,nan,nan,748.71
2022-05-26 22:00:00,nan,,nan,nan,nan,nan,nan,748.71
2022-05-26 23:00:00,nan,,nan,nan,nan,nan,nan,748.71
2022-05-27 00:00:00,-81.2,-3.516,75.3,7.2,102.3,76.39028,68.11047,748.67
2022-05-27 01:00:00,nan,,nan,nan,nan,nan,nan,748.67
2022-05-27 02:00:00,nan,,nan,nan,nan,nan,nan,748.67
2022-05-27 03:00:00,nan,,nan,nan,nan,nan,nan,748.67
2022-05-27 04:00:00,nan,,nan,nan,nan,nan,nan,748.67
2022-05-27 05:00:00,nan,,nan,nan,nan,nan,nan,748.67
2022-05-27 06:00:00,-74.5,-7.467,92.5,12.1,135.6,76.39034,68.11052,748.67
2022-05-27 07:00:00,nan,,nan,nan,nan,nan,nan,748.67
2022-05-27 08:00:00,nan,,nan,nan,nan,nan,nan,748.67
2022-05-27 09:00:00,nan,,nan,nan,nan,nan,nan,748.67
2022-05-27 10:00:00,nan,,nan,nan,nan,nan,nan,748.67
2022-05-27 11:00:00,nan,,nan,nan,nan,nan,nan,748.67
2022-05-27 12:00:00,-71.0,-10.37,78.8,10.3,136.0,76.39027,68.11041,748.67
2022-05-27 13:00:00,nan,,nan,nan,nan,nan,nan,748.67
2022-05-27 14:00:00,nan,,nan,nan,nan,nan,nan,748.67
2022-05-27 15:00:00,nan,,nan,nan,nan,nan,nan,748.67
2022-05-27 16:00:00,nan,,nan,nan,nan,nan,nan,748.67
2022-05-27 17:00:00,nan,,nan,nan,nan,nan,nan,748.67
2022-05-27 18:00:00,-72.0,-8.55,83.8,4.6,359.9,76.39019,68.11031,748.67
2022-05-27 19:00:00,nan,,nan,nan,nan,nan,nan,748.67
2022-05-27 20:00:00,nan,,nan,nan,nan,nan,nan,748.67
2022-05-27 21:00:00,nan,,nan,nan,nan,nan,nan,748.67
2022-05-27 22:00:00,nan,,nan,nan,nan,nan,nan,748.67
2022-05-27 23:00:00,nan,,nan,nan,nan,nan,nan,748.67
2022-05-28 00:00:00,-75.9,-8.72,82.5,4.9,54.7,76.39023,68.11029,748.63
2022-05-28 01:00:00,nan,,nan,nan,nan,nan,nan,748.63
2022-05-28 02:00:00,nan,,nan,nan,nan,nan,nan,748.63
2022-05-28 03:00:00,nan,,nan,nan,nan,nan,nan,748.63
2022-05-28 04:00:00,nan,,nan,nan,nan,nan,nan,748.63
2022-05-28 05:00:00,nan,,nan,nan,nan,nan,nan,748.63
2022-05-28 06:00:00,-74.9,-10.08,89.7,13.5,116.6,76.39023,68.11041,748.63
2022-05-28 07:00:00,nan,,nan,nan,nan,nan,nan,748.63
2022-05-28 08:00:00,nan,,nan,nan,nan,nan,nan,748.63
2022-05-28 09:00:00,nan,,nan,nan,nan,nan,nan,748.63
2022-05-28 10:00:00,nan,,nan,nan,nan,nan,nan,748.63
2022-05-28 11:00:00,nan,,nan,nan,nan,nan,nan,748.63
2022-05-28 12:00:00,-77.0,-9.39,85.9,16.5,148.1,76.39028,68.11036,748.63
2022-05-28 13:00:00,nan,,nan,nan,nan,nan,nan,748.63
2022-05-28 14:00:00,nan,,nan,nan,nan,nan,nan,748.63
2022-05-28 15:00:00,nan,,nan,nan,nan,nan,nan,748.63
2022-05-28 16:00:00,nan,,nan,nan,nan,nan,nan,748.63
2022-05-28 17:00:00,nan,,nan,nan,nan,nan,nan,748.63
2022-05-28 18:00:00,-74.6,-10.47,84.5,13.5,139.9,76.39024,68.11039,748.63
2022-05-28 19:00:00,nan,,nan,nan,nan,nan,nan,748.63
2022-05-28 20:00:00,nan,,nan,nan,nan,nan,nan,748.63
2022-05-28 21:00:00,nan,,nan,nan,nan,nan,nan,748.63
2022-05-28 22:00:00,nan,,nan,nan,nan,nan,nan,748.63
2022-05-28 23:00:00,nan,,nan,nan,nan,nan,nan,748.63
2022-05-29 00:00:00,-75.0,-11.66,92.2,9.3,124.1,76.39027,68.11026,748.59
2022-05-29 01:00:00,nan,,nan,nan,nan,nan,nan,748.59
2022-05-29 02:00:00,nan,,nan,nan,nan,nan,nan,748.59
2022-05-29 03:00:00,nan,,nan,nan,nan,nan,nan,748.59
2022-05-29 04:00:00,nan,,nan,nan,nan,nan,nan,748.59
2022-05-29 05:00:00,nan,,nan,nan,nan,nan,nan,748.59
2022-05-29 06:00:00,-76.2,-11.64,76.5,6.4,103.6,76.39026,68.11060,748.59
2022-05-29 07:00:00,nan,,nan,nan,nan,nan,nan,748.59
2022-05-29 08:00:00,nan,,nan,nan,nan,nan,nan,748.59
2022-05-29 09:00:00,nan,,nan,nan,nan,nan,nan,748.59
2022-05-29 10:00:00,nan,,nan,nan,nan,nan,nan,748.59
2022-05-29 11:00:00,nan,,nan,nan,nan,nan,nan,748.59
2022-05-29 12:00:00,-78.4,-10.29,81.2,13.6,119.7,76.39024,68.11038,748.59
2022-05-29 13:00:00,nan,,nan,nan,nan,nan,nan,748.59
2022-05-29 14:00:00,nan,,nan,nan,nan,nan,nan,748.59
2022-05-29 15:00:00,nan,,nan,nan,nan,nan,nan,748.59
2022-05-29 16:00:00,nan,,nan,nan,nan,nan,nan,748.59
2022-05-29 17:00:00,nan,,nan,nan,nan,nan,nan,748.59
2022-05-29 18:00:00,-77.3,-10.62,85.7,15.7,149.8,76.39028,68.11031,748.59
2022-05-29 19:00:00,nan,,nan,nan,nan,nan,nan,748.59
2022-05-29 20:00:00,nan,,nan,nan,nan,nan,nan,748.59
2022-05-29 21:00:00,nan,,nan,nan,nan,nan,nan,748.59
2022-05-29 22:00:00,nan,,nan,nan,nan,nan,nan,748.59
2022-05-29 23:00:00,nan,,nan,nan,nan,nan,nan,748.59
2022-05-30 00:00:00,-72.9,-9.87,91.8,15.0,151.7,76.39025,68.11030,748.55
2022-05-30 01:00:00,nan,,nan,nan,nan,nan,nan,748.55
2022-05-30 02:00:00,nan,,nan,nan,nan,nan,nan,748.55
2022-05-30 03:00:00,nan,,nan,nan,nan,nan,nan,748.55
2022-05-30 04:00:00,nan,,nan,nan,nan,nan,nan,748.55
2022-05-30 05:00:00,nan,,nan,nan,nan,nan,nan,748.55
2022-05-30 06:00:00,-64.9,-9.87,90.2,9.0,199.7,76.39023,68.11054,748.55
2022-05-30 07:00:00,nan,,nan,nan,nan,nan,nan,748.55
2022-05-30 08:00:00,nan,,nan,nan,nan,nan,nan,748.55
2022-05-30 09:00:00,nan,,nan,nan,nan,nan,nan,748.55
2022-05-30 10:00:00,nan,,nan,nan,nan,nan,nan,748.55
2022-05-30 11:00:00,nan,,nan,nan,nan,nan,nan,748.55
2022-05-30 12:00:00,-60.0,-7.949,79.8,6.2,174.9,76.39024,68.11029,748.55
2022-05-30 13:00:00,nan,,nan,nan,nan,nan,nan,748.55
2022-05-30 14:00:00,nan,,nan,nan,nan,nan,nan,748.55
2022-05-30 15:00:00,nan,,nan,nan,nan,nan,nan,748.55
2022-05-30 16:00:00,nan,,nan,nan,nan,nan,nan,748.55
2022-05-30 17:00:00,nan,,nan,nan,nan,nan,nan,748.55
2022-05-30 18:00:00,-56.4,-9.35,85.4,5.6,128.9,76.39030,68.11031,748.55
2022-05-30 19:00:00,nan,,nan,nan,nan,nan,nan,748.55
2022-05-30 20:00:00,nan,,nan,nan,nan,nan,nan,748.55
2022-05-30 21:00:00,nan,,nan,nan,nan,nan,nan,748.55
2022-05-30 22:00:00,nan,,nan,nan,nan,nan,nan,748.55
2022-05-30 23:00:00,nan,,nan,nan,nan,nan,nan,748.55
